IDENTIFIER: Reference ID,FORMULA,PROPERTY: Microstructure,PROPERTY: Processing method,PROPERTY: BCC/FCC/other,Grain_Size,PROPERTY: Exp. Density (g/cm$^3$),PROPERTY: Calculated Density (g/cm$^3$),Hardness,PROPERTY: Type of test,PROPERTY: Test temperature ($^\circ$C),Yield_Strength,Tensile_Strength,PROPERTY: Elongation (%),PROPERTY: Elongation plastic (%),PROPERTY: Exp. Young modulus (GPa),PROPERTY: Calculated Young modulus (GPa),PROPERTY: O content (wppm),PROPERTY: N content (wppm),PROPERTY: C content (wppm)
27,Al0.25 Co1 Fe1 Ni1,FCC,CAST,FCC,20.0,,7.9,138.0,C,25.0,158.0,1004.0,,,,192.0,,,
27,Al0.5 Co1 Fe1 Ni1,FCC+BCC,CAST,other,20.0,,7.4,212.0,C,25.0,346.0,1004.0,,,,,,,
27,Al0.75 Co1 Fe1 Ni1,FCC+BCC,CAST,other,20.0,,7.0,385.0,C,25.0,794.0,1004.0,,,,,,,
27,Al1 Co1 Fe1 Ni1,BCC,CAST,BCC,20.0,,6.6,456.0,C,25.0,964.0,1004.0,,,,162.0,,,
27,Co1 Fe1 Ni1,FCC,CAST,FCC,20.0,,8.5,125.0,C,25.0,204.0,1004.0,,,,207.0,,,
27,Co1 Fe1 Ni1,FCC,CAST,FCC,20.0,,8.5,125.0,C,25.0,209.0,1004.0,,,,207.0,,,
27,Co1 Fe1 Ni1 Si0.25,FCC,CAST,FCC,20.0,,7.7,149.0,C,25.0,196.0,1004.0,,,,186.0,,,
27,Co1 Fe1 Ni1 Si0.5,FCC+Sec.,CAST,other,20.0,,7.1,287.0,C,25.0,476.0,1004.0,,,,,,,
27,Co1 Fe1 Ni1 Si0.75,FCC+Sec.,CAST,other,20.0,,6.6,570.0,C,25.0,1301.0,1004.0,,,,,,,
37,Co1 Cr1 Fe1 Ni1,FCC,WROUGHT,FCC,24.0,,8.2,476.0,T,25.0,274.0,708.0,39.0,,,226.0,,,
37,Co1 Cr1 Mn1 Ni1,FCC,WROUGHT,FCC,36.0,,8.1,476.0,T,25.0,282.0,694.0,44.0,,,222.0,,,
37,Co1 Cr1 Ni1,FCC,WROUGHT,FCC,41.0,,8.3,476.0,T,25.0,300.0,860.0,60.0,,,231.0,,,
37,Co1 Fe1 Mn1 Ni1,FCC,WROUGHT,FCC,48.0,,8.2,476.0,T,25.0,170.0,550.0,41.0,,,204.0,,,
37,Co1 Fe1 Ni1,FCC,WROUGHT,FCC,28.0,,8.5,476.0,T,25.0,211.0,513.0,31.0,,,207.0,,,
37,Co1 Mn1 Ni1,FCC,WROUGHT,FCC,32.0,,8.4,476.0,T,25.0,231.0,653.0,38.0,,,202.0,,,
37,Fe1 Mn1 Ni1,FCC,WROUGHT,FCC,30.0,,8.1,476.0,T,25.0,221.0,602.0,36.0,,,203.0,,,
46,Co1 Cr1 Fe1 Nb0.103 Ni1,FCC+Sec.,CAST,other,175.0,,8.2,476.0,T,25.0,318.0,622.0,19.0,,,,,,
46,Co1 Cr1 Fe1 Nb0.155 Ni1,FCC+Sec.,CAST,other,175.0,,8.2,476.0,T,25.0,322.0,744.0,23.0,,,,,,
46,Co1 Cr1 Fe1 Nb0.206 Ni1,FCC+Sec.,CAST,other,175.0,,8.2,476.0,T,25.0,403.0,807.0,9.0,,,,,,
46,Co1 Cr1 Fe1 Nb0.309 Ni1,FCC+Sec.,CAST,other,175.0,,8.2,476.0,T,25.0,479.0,879.0,4.0,,,,,,
46,Co1 Cr1 Fe1 Nb0.412 Ni1,FCC+Sec.,CAST,other,175.0,,8.2,476.0,T,25.0,638.0,1004.0,1.0,,,,,,
46,Co1 Cr1 Fe1 Ni1,FCC,CAST,FCC,175.0,,8.2,476.0,T,25.0,148.0,413.0,48.0,,,226.0,,,
54,Al0.25 Co1 Cr1 Fe1 Ni1,FCC,ANNEAL,FCC,20.0,,7.7,110.0,,25.0,822.0,1004.0,,,,213.0,,,
54,Al0.25 Co1 Cr1 Fe1 Ni1,FCC,ANNEAL,FCC,20.0,,7.7,113.0,,25.0,822.0,1004.0,,,,213.0,,,
54,Al0.375 Co1 Cr1 Fe1 Ni1,FCC,ANNEAL,FCC,20.0,,7.5,131.0,,25.0,822.0,1004.0,,,,207.0,,,
54,Al0.375 Co1 Cr1 Fe1 Ni1,FCC,ANNEAL,FCC,20.0,,7.5,196.0,,25.0,822.0,1004.0,,,,207.0,,,
54,Al0.5 Co1 Cr1 Fe1 Ni1,FCC+BCC,ANNEAL,other,20.0,,7.3,159.0,,25.0,822.0,1004.0,,,,,,,
54,Al0.5 Co1 Cr1 Fe1 Ni1,FCC+BCC,ANNEAL,other,20.0,,7.3,209.0,,25.0,822.0,1004.0,,,,,,,
54,Al0.75 Co1 Cr1 Fe1 Ni1,FCC+BCC,ANNEAL,other,20.0,,7.0,388.0,,25.0,822.0,1004.0,,,,,,,
54,Al0.75 Co1 Cr1 Fe1 Ni1,FCC+BCC,ANNEAL,other,20.0,,7.0,280.0,,25.0,822.0,1004.0,,,,,,,
54,Al0.875 Co1 Cr1 Fe1 Ni1,BCC,ANNEAL,BCC,20.0,,6.9,538.0,,25.0,822.0,1004.0,,,,188.0,,,
54,Al0.875 Co1 Cr1 Fe1 Ni1,FCC+BCC,ANNEAL,other,20.0,,6.9,361.0,,25.0,822.0,1004.0,,,,,,,
54,Al1 Co0.8 Cr0.8 Fe0.8 Ni0.8,BCC,ANNEAL,BCC,20.0,,6.5,487.0,,25.0,822.0,1004.0,,,,177.0,,,
54,Al1 Co0.8 Cr0.8 Fe0.8 Ni0.8,BCC,ANNEAL,BCC,20.0,,6.5,499.0,,25.0,822.0,1004.0,,,,177.0,,,
54,Al1 Co0.667 Cr0.667 Fe0.667 Ni0.667,BCC,ANNEAL,BCC,20.0,,6.2,484.0,,25.0,822.0,1004.0,,,,171.0,,,
54,Al1 Co0.667 Cr0.667 Fe0.667 Ni0.667,BCC,ANNEAL,BCC,20.0,,6.2,517.0,,25.0,822.0,1004.0,,,,171.0,,,
54,Al1 Co0.5 Cr0.5 Fe0.5 Ni0.5,BCC,ANNEAL,BCC,20.0,,5.9,509.0,,25.0,822.0,1004.0,,,,160.0,,,
54,Al1 Co0.5 Cr0.5 Fe0.5 Ni0.5,BCC,ANNEAL,BCC,20.0,,5.9,512.0,,25.0,822.0,1004.0,,,,160.0,,,
54,Al1 Co1 Cr1 Fe1 Ni1,BCC,ANNEAL,BCC,20.0,,6.7,484.0,,25.0,822.0,1004.0,,,,184.0,,,
54,Al1 Co1 Cr1 Fe1 Ni1,FCC+BCC,ANNEAL,other,20.0,,6.7,433.0,,25.0,822.0,1004.0,,,,,,,
54,Co1 Cr1 Fe1 Ni1,FCC,ANNEAL,FCC,20.0,,8.2,116.0,,25.0,822.0,1004.0,,,,226.0,,,
54,Co1 Cr1 Fe1 Ni1,FCC,ANNEAL,FCC,20.0,,8.2,113.0,,25.0,822.0,1004.0,,,,226.0,,,
63,Al0.5 Co1 Cr1 Fe1 Mo0.5 Ni1,FCC+Sec.,CAST,other,20.0,,7.7,425.0,,25.0,822.0,1004.0,,,,,,,
63,Al1 Co0.667 Cr0.667 Fe0.667 Mo0.333 Ni0.667,B2+Sec.,CAST,other,20.0,,6.6,655.0,,25.0,822.0,1004.0,,,,,,,
63,Al1 Co0.5 Cr0.5 Fe0.5 Mo0.25 Ni0.5,BCC+B2,CAST,other,20.0,,6.3,605.0,,25.0,822.0,1004.0,,,,,,,
63,Al1 Co1 Cr1 Fe1 Mo0.5 Ni1,B2+Sec.,CAST,other,20.0,,7.1,715.0,,25.0,822.0,1004.0,,,,,,,
63,Co1 Cr1 Fe1 Mo0.5 Ni1,FCC+Sec.,CAST,other,20.0,,8.5,210.0,,25.0,822.0,1004.0,,,,,,,
66,Al0.5 Co1 Cr1 Fe1 Ni1 Ti1,BCC+Laves,CAST,other,20.0,,6.6,476.0,C,25.0,822.0,1600.0,,10.0,107.0,,,,
66,Al1 Co0.667 Cr0.667 Fe0.667 Ni0.667 Ti0.667,BCC+BCC,CAST,other,20.0,,5.9,476.0,C,25.0,822.0,2110.0,,10.0,133.0,,,,
66,Al1 Co0.5 Cr0.5 Fe0.5 Ni0.5 Ti0.5,BCC+BCC,CAST,other,20.0,,5.6,643.0,C,25.0,822.0,1030.0,,5.0,94.0,,,,
66,Al1 Co1 Cr1 Fe1 Ni1 Ti1,BCC+Laves,CAST,other,0.15,,6.2,476.0,C,25.0,822.0,2280.0,,6.0,148.0,,,,
66,Co1 Cr1 Fe1 Ni1 Ti1,FCC,CAST,FCC,20.0,,7.2,476.0,C,25.0,822.0,2020.0,,9.0,135.0,195.0,,,
1,Al0.133 Co1 Cr0.667 Fe0.667 Ni1 Ti0.667,FCC+Sec.,ANNEAL,other,20.0,,7.2,717.0,,25.0,822.0,1004.0,,,,,,,
1,Al0.133 Co1 Cr0.667 Fe0.667 Ni1 Ti0.333,FCC,ANNEAL,FCC,20.0,,7.6,487.0,,25.0,822.0,1004.0,,,,201.0,,,
1,Co1 Cr0.667 Fe0.667 Ni1 Ti0.667,FCC+Sec.,ANNEAL,other,20.0,,7.4,654.0,,25.0,822.0,1004.0,,,,,,,
1,Co1 Cr0.667 Fe0.667 Ni1 Ti0.333,FCC,ANNEAL,other,20.0,,7.8,509.0,,25.0,822.0,1004.0,,,,,,,
2,Al0.7 Co0.3 Cr1 Fe1 Ni1,FCC+BCC+B2,POWDER,other,20.0,,6.8,624.0,C,25.0,2033.0,2635.0,8.0,,,,,,
3,Al0.875 Co1 Cr1 Fe1 Ni1,FCC+BCC,,other,20.0,,6.9,476.0,,25.0,822.0,1004.0,,,,,,,
4,Al1 Co0.667 Cr0.667 Fe0.667 Ni0.667,BCC,CAST,BCC,20.0,,6.2,402.0,,25.0,822.0,1004.0,,,,171.0,,,
4,Al1 Co0.4 Cr0.4 Fe0.4 Ni0.4,BCC,CAST,BCC,20.0,,5.6,487.0,,25.0,822.0,1004.0,,,,152.0,,,
4,Al1 Co0.5 Cr0.5 Fe0.5 Ni0.5,BCC,CAST,BCC,20.0,,5.9,432.0,,25.0,822.0,1004.0,,,,160.0,,,
4,Al1 Co0.333 Cr0.333 Fe0.333 Ni0.333,BCC,CAST,BCC,20.0,,5.3,506.0,,25.0,822.0,1004.0,,,,145.0,,,
4,Al1 Co1 Cr1 Fe1 Ni1,BCC,CAST,BCC,20.0,,6.7,395.0,,25.0,822.0,1004.0,,,,184.0,,,
4,Al1 Cr1 Cu1 Fe1 Ni1,FCC+BCC,CAST,other,20.0,,6.8,342.0,,25.0,822.0,1004.0,,,,,,,
4,Co1 Cr1 Cu1 Fe1 Ni1,FCC,CAST,FCC,20.0,,8.3,286.0,,25.0,822.0,1004.0,,,,206.0,,,
4,Cr1 Cu1 Fe1 Mn1 Ni1,FCC+BCC,CAST,other,20.0,,8.1,296.0,,25.0,822.0,1004.0,,,,,,,
4,Cr1 Cu1 Fe1 Mo1 Ni1,FCC,CAST,FCC,20.0,,8.7,263.0,,25.0,822.0,1004.0,,,,236.0,,,
5,Al1 Co1 Cr1 Fe1 Ni1,BCC,CAST,BCC,20.0,,6.7,476.0,C,25.0,1251.0,2004.0,,33.0,,184.0,,,
6,Al1 C0.1 Co1 Cr1 Fe1 Ni1,BCC+Sec.,CAST,other,20.0,,6.7,476.0,C,25.0,957.0,2550.0,,11.0,213.0,,,,
6,Al1 C0.2 Co1 Cr1 Fe1 Ni1,BCC+Sec.,CAST,other,20.0,,6.6,476.0,C,25.0,906.0,2386.0,,9.0,151.0,,,,
6,Al1 C0.3 Co1 Cr1 Fe1 Ni1,BCC+Sec.,CAST,other,20.0,,6.5,476.0,C,25.0,867.0,2178.0,,8.0,137.0,,,,
6,Al1 C0.4 Co1 Cr1 Fe1 Ni1,BCC+Sec.,CAST,other,20.0,,6.5,476.0,C,25.0,1056.0,2375.0,,7.0,156.0,,,,
6,Al1 C0.5 Co1 Cr1 Fe1 Ni1,BCC+Sec.,CAST,other,20.0,,6.4,476.0,C,25.0,1060.0,2250.0,,6.0,181.0,,,,
6,Al0.667 C1 Co0.667 Cr0.667 Fe0.667 Ni0.667,BCC+Sec.,CAST,other,20.0,,5.9,476.0,C,25.0,1255.0,2083.0,,6.0,73.0,,,,
6,Al1 C1 Co1 Cr1 Fe1 Ni1,BCC+Sec.,CAST,other,20.0,,6.2,476.0,C,25.0,1251.0,2166.0,,7.0,75.0,,,,
6,Al1 Co1 Cr1 Fe1 Ni1,BCC,CAST,BCC,20.0,,6.7,476.0,C,25.0,1138.0,1004.0,,11.0,,184.0,,,
7,Al1 Co1 Cr1 Fe1 Mo0.1 Ni1,BCC,CAST,BCC,20.0,,6.8,476.0,C,25.0,1804.0,2280.0,,9.0,,188.0,,,
7,Al1 Co1 Cr1 Fe1 Mo0.2 Ni1,BCC+Sec.,CAST,other,20.0,,6.9,476.0,C,25.0,2456.0,2953.0,,3.0,,,,,
7,Al1 Co1 Cr1 Fe1 Mo0.3 Ni1,BCC+Sec.,CAST,other,20.0,,7.0,476.0,C,25.0,2649.0,3208.0,,3.0,,,,,
7,Al1 Co1 Cr1 Fe1 Mo0.4 Ni1,BCC+Sec.,CAST,other,20.0,,7.0,476.0,C,25.0,2670.0,3161.0,,3.0,,,,,
7,Al1 Co1 Cr1 Fe1 Mo0.5 Ni1,BCC+Sec.,CAST,other,20.0,,7.1,476.0,C,25.0,2757.0,3036.0,,3.0,,,,,
7,Al1 Co1 Cr1 Fe1 Ni1,BCC,CAST,BCC,20.0,,6.7,476.0,C,25.0,1051.0,1004.0,,,,184.0,,,
8,Al1 Co1 Cr1 Fe1 Nb0.1 Ni1,BCC,CAST,BCC,20.0,,6.8,569.0,C,25.0,1641.0,3285.0,,17.0,,182.0,,,
8,Al1 Co1 Cr1 Fe1 Nb0.25 Ni1,BCC+Sec.,CAST,other,20.0,,6.8,668.0,C,25.0,1959.0,3008.0,,11.0,,,,,
8,Al1 Co1 Cr1 Fe1 Nb0.5 Ni1,BCC+Sec.,CAST,other,20.0,,7.0,747.0,C,25.0,2473.0,3170.0,,4.0,,,,,
8,Al1 Co1 Cr1 Fe1 Nb0.75 Ni1,BCC+Sec.,CAST,other,20.0,,7.0,476.0,,25.0,822.0,1004.0,,,,,,,
8,Al1 Co1 Cr1 Fe1 Ni1,BCC,CAST,BCC,20.0,,6.7,520.0,C,25.0,1373.0,3531.0,,25.0,,184.0,,,
9,Al0.8 Co1 Cr1 Cu1 Fe1 Ni1,FCC+BCC,CAST,other,20.0,,7.3,270.0,,25.0,822.0,1004.0,,,,,,,
9,Al1 Co0.5 Cr1 Fe1 Mo0.5 Ni1,BCC+Sec.,CAST,other,20.0,,7.0,801.0,,25.0,822.0,1004.0,,,,,,,
9,Al0.667 Co1 Cr0.667 Fe0.667 Mo0.333 Ni0.667,BCC+Sec.,CAST,other,20.0,,7.2,741.0,,25.0,822.0,1004.0,,,,,,,
9,Al0.5 Co1 Cr0.5 Fe0.5 Mo0.25 Ni0.5,FCC+BCC+Sec.,CAST,other,200.0,,7.3,586.0,,25.0,822.0,1004.0,,,,,,,
9,Al1 Co1 Cr1 Fe1 Mo0.5 Ni1,BCC+Sec.,CAST,other,20.0,,7.1,796.0,,25.0,822.0,1004.0,,,,,,,
10,Al1 Co1 Cr1 Fe1 Mo0.5 Ni1,BCC+Sec.,CAST,other,20.0,,7.1,755.0,,25.0,822.0,1004.0,,,,,,,
10,Al1 Co1 Cr1 Fe0.6 Mo0.5 Ni1,BCC+Sec.,CAST,other,20.0,,7.1,754.0,,25.0,822.0,1004.0,,,,,,,
10,Al0.667 Co0.667 Cr0.667 Fe1 Mo0.333 Ni0.667,BCC+Sec.,CAST,other,20.0,,7.2,635.0,,25.0,822.0,1004.0,,,,,,,
10,Al0.5 Co0.5 Cr0.5 Fe1 Mo0.25 Ni0.5,BCC+Sec.,CAST,other,20.0,,7.2,639.0,,25.0,822.0,1004.0,,,,,,,
11,Al1 Co1 Cr1 Fe1 Mo0.5,B2+Sec.,CAST,other,20.0,,6.8,857.0,,25.0,822.0,1004.0,,,,,,,
11,Al1 Co1 Cr1 Fe1 Mo0.5 Ni1,B2+Sec.,CAST,other,20.0,,7.1,730.0,,25.0,822.0,1004.0,,,,,,,
11,Al1 Co1 Cr1 Fe1 Mo0.5 Ni0.5,B2+Sec.,CAST,other,20.0,,7.0,708.0,,25.0,822.0,1004.0,,,,,,,
11,Al0.667 Co0.667 Cr0.667 Fe0.667 Mo0.333 Ni1,FCC+B2+Sec.,CAST,other,20.0,,7.2,586.0,,25.0,822.0,1004.0,,,,,,,
11,Al0.5 Co0.5 Cr0.5 Fe0.5 Mo0.25 Ni1,FCC+B2+Sec.,CAST,other,20.0,,7.3,395.0,,25.0,822.0,1004.0,,,,,,,
12,Al1 Co1 Cr1 Fe1 Ni1,BCC,CAST,BCC,20.0,,6.7,476.0,C,25.0,1110.0,1004.0,,,,184.0,,,
12,Al1 Co1 Cr1 Fe1 Ni1 Si1,BCC+Sec.,CAST,other,20.0,,5.7,476.0,C,25.0,2411.0,2950.0,,1.0,,,,,
12,Al1 Co1 Cr1 Fe1 Ni1 Si0.2,BCC,CAST,BCC,20.0,,6.5,476.0,C,25.0,1265.0,2173.0,,14.0,,176.0,,,
12,Al1 Co1 Cr1 Fe1 Ni1 Si0.4,BCC,CAST,BCC,20.0,,6.2,476.0,C,25.0,1481.0,2444.0,,13.0,,169.0,,,
12,Al1 Co1 Cr1 Fe1 Ni1 Si0.6,BCC,CAST,BCC,20.0,,6.0,476.0,C,25.0,1834.0,2195.0,,3.0,,162.0,,,
12,Al1 Co1 Cr1 Fe1 Ni1 Si0.8,BCC+Sec.,CAST,other,20.0,,5.8,476.0,C,25.0,2179.0,2664.0,,2.0,,,,,
13,Al0.25 Co1 Cr1 Cu0.5 Fe1 Ni1 Ti0.5,FCC,CAST,FCC,20.0,,7.4,476.0,,25.0,822.0,1004.0,,,,192.0,,,
13,Al0.25 Co1 Cr1 Cu0.75 Fe1 Ni1 Ti0.5,FCC,CAST,FCC,20.0,,7.5,476.0,C,25.0,750.0,1970.0,,39.0,103.0,189.0,,,
13,Al0.5 Co1 Cr1 Cu0.5 Fe1 Ni1 Ti0.5,FCC+BCC,CAST,other,20.0,,7.1,476.0,C,25.0,1580.0,2389.0,,17.0,161.0,,,,
13,Al0.75 Co1 Cr1 Cu0.25 Fe1 Ni1 Ti0.5,FCC+BCC,CAST,other,20.0,,6.8,476.0,C,25.0,1900.0,2697.0,,12.0,164.0,,,,
13,Co1 Cr1 Cu1 Fe1 Ni1 Ti0.5,FCC,CAST,FCC,20.0,,7.8,476.0,C,25.0,700.0,1650.0,,29.0,93.0,194.0,,,
14,Al1 Co1 Cr1 Fe1 Ni1 Ti1,BCC+BCC,CAST,other,20.0,,6.2,476.0,C,25.0,1860.0,2580.0,10.7,9.0,90.0,,,,
14,Al1 Co1 Cr1 Fe1 Ni1 Ti0.5,BCC+BCC,CAST,other,20.0,,6.4,178.0,C,25.0,2260.0,3140.0,24.4,23.0,178.0,,,,
14,Al0.667 Co0.667 Cr0.667 Fe0.667 Ni0.667 Ti1,BCC+Sec.,CAST,other,20.0,,6.1,476.0,C,25.0,2220.0,2720.0,6.6,5.0,160.0,,,,
15,Al1 Co1 Cr1 Fe1 Ni1 Ti1 V1 Zr1,,CAST,other,20.0,,6.3,780.0,,25.0,822.0,1004.0,,,,,,,
15,Al1 Co1 Fe1 Ni1 Ti1 V1 Zr1,BCC,CAST,BCC,20.0,,6.2,790.0,,25.0,822.0,1004.0,,,,129.0,,,
15,Al1 Fe1 Ni1 Ti1 V1 Zr1,BCC,CAST,BCC,20.0,,5.9,800.0,,25.0,822.0,1004.0,,,,119.0,,,
15,Co1 Cr1 Cu1 Fe1 Ni1 Ti1 V1 Zr1,,CAST,other,20.0,,7.1,680.0,,25.0,822.0,1004.0,,,,,,,
15,Co1 Cr1 Fe1 Mo1 Ni1 Ti1 V1 Zr1,,CAST,other,20.0,,7.3,850.0,,25.0,822.0,1004.0,,,,,,,
15,Co1 Cu1 Fe1 Ni1 Ti1 V1 Zr1,,CAST,other,20.0,,7.1,630.0,,25.0,822.0,1004.0,,,,,,,
15,Co1 Fe1 Mo1 Ni1 Ti1 V1 Zr1,,CAST,other,20.0,,7.3,790.0,,25.0,822.0,1004.0,,,,,,,
15,Cu1 Fe1 Ni1 Ti1 V1 Zr1,,CAST,other,20.0,,6.8,590.0,,25.0,822.0,1004.0,,,,,,,
15,Fe1 Mo1 Ni1 Ti1 V1 Zr1,BCC+Sec.,CAST,other,20.0,,7.1,740.0,,25.0,822.0,1004.0,,,,,,,
16,Al0.1 Co1 Cr1 Fe1 Mn1 Ni1,FCC,CAST,FCC,20.0,,7.9,180.0,,25.0,822.0,1004.0,,,,216.0,,,
16,Al0.2 Co1 Cr1 Fe1 Mn1 Ni1,FCC,CAST,FCC,20.0,,7.7,171.0,T,25.0,220.0,1004.0,56.0,,,212.0,,,
16,Al0.38 Co1 Cr1 Fe1 Mn1 Ni1,FCC,CAST,FCC,20.0,,7.5,182.0,T,25.0,244.0,1004.0,45.0,,,205.0,,,
16,Al0.43 Co1 Cr1 Fe1 Mn1 Ni1,FCC+BCC,CAST,other,20.0,,7.4,183.0,T,25.0,285.0,1004.0,35.0,,,,,,
16,Al0.49 Co1 Cr1 Fe1 Mn1 Ni1,FCC+BCC,CAST,other,20.0,,7.4,220.0,T,25.0,331.0,1004.0,29.0,,,,,,
16,Al0.56 Co1 Cr1 Fe1 Mn1 Ni1,FCC+BCC,CAST,other,20.0,,7.3,278.0,T,25.0,526.0,1004.0,16.0,,,,,,
16,Al0.62 Co1 Cr1 Fe1 Mn1 Ni1,FCC+BCC,CAST,other,20.0,,7.2,405.0,T,25.0,833.0,1004.0,5.0,,,,,,
16,Al0.68 Co1 Cr1 Fe1 Mn1 Ni1,FCC+BCC,CAST,other,20.0,,7.2,486.0,,25.0,822.0,1004.0,,,,,,,
16,Al0.75 Co1 Cr1 Fe1 Mn1 Ni1,FCC+BCC,CAST,other,20.0,,7.1,530.0,,25.0,822.0,1004.0,,,,,,,
16,Al0.81 Co1 Cr1 Fe1 Mn1 Ni1,FCC+BCC,CAST,other,20.0,,7.0,539.0,,25.0,822.0,1004.0,,,,,,,
16,Al0.88 Co1 Cr1 Fe1 Mn1 Ni1,FCC+BCC,CAST,other,20.0,,7.0,533.0,,25.0,822.0,1004.0,,,,,,,
16,Al0.95 Co1 Cr1 Fe1 Mn1 Ni1,FCC+BCC,CAST,other,20.0,,6.9,535.0,,25.0,822.0,1004.0,,,,,,,
16,Al1 Co0.8 Cr0.8 Fe0.8 Mn0.8 Ni0.8,BCC,CAST,BCC,20.0,,6.6,539.0,,25.0,822.0,1004.0,,,,180.0,,,
16,Co1 Cr1 Fe1 Mn1 Ni1,FCC,CAST,FCC,20.0,,8.0,176.0,T,25.0,208.0,1004.0,62.0,,,220.0,,,
17,Co1 Cr1 Fe1 Mn1 Ni1,FCC,CAST,FCC,300.0,,8.0,144.0,C,25.0,822.0,1004.0,,,,220.0,,,
17,Co1 Cr1 Fe1 Mn1 Ni1,FCC,ANNEAL,FCC,350.0,,8.0,135.0,C,25.0,230.0,1004.0,,75.0,,220.0,,,
17,Co1 Cr1 Fe1 Mn1 Ni1 V0.25,FCC,CAST,FCC,120.0,,7.9,151.0,C,25.0,822.0,1004.0,,,,215.0,,,
17,Co1 Cr1 Fe1 Mn1 Ni1 V0.25,FCC+Sec.,ANNEAL,other,130.0,,7.9,144.0,C,25.0,200.0,1004.0,,75.0,,,,,
17,Co1 Cr1 Fe1 Mn1 Ni1 V0.5,FCC,CAST,FCC,220.0,,7.8,186.0,C,25.0,822.0,1004.0,,,,210.0,,,
17,Co1 Cr1 Fe1 Mn1 Ni1 V0.5,FCC,ANNEAL,FCC,250.0,,7.8,275.0,C,25.0,620.0,1004.0,,75.0,,210.0,,,
17,Co1 Cr1 Fe1 Mn1 Ni1 V0.75,FCC+Sec.,ANNEAL,other,500.0,,7.7,380.0,C,25.0,740.0,1325.0,,7.8,,,,,
17,Co1 Cr1 Fe1 Mn1 Ni1 V0.75,FCC+Sec.,CAST,other,500.0,,7.7,342.0,C,25.0,822.0,1004.0,,,,,,,
17,Co1 Cr1 Fe1 Mn1 Ni1 V1,FCC+Sec.,ANNEAL,other,12.0,,7.7,636.0,C,25.0,1660.0,1845.0,,0.5,,,,,
17,Co1 Cr1 Fe1 Mn1 Ni1 V1,FCC+Sec.,CAST,other,20.0,,7.7,650.0,C,25.0,822.0,1004.0,,,,,,,
18,Al0.2 Cr0.667 Fe1 Mn0.667 Ni0.333,FCC+BCC,CAST,other,20.0,,7.2,297.0,,25.0,822.0,1004.0,,,,,,,
18,Al0.333 Cr0.667 Fe1 Mn0.667 Ni0.333,BCC,CAST,BCC,20.0,,7.0,396.0,,25.0,822.0,1004.0,,,,201.0,,,
19,Al1 Cr1 Fe1 Ni1,BCC+B2,CAST,other,20.0,,6.3,472.0,C,25.0,1406.0,2927.0,,29.0,,,,,
19,Al1 Cr1 Fe1 Mo1 Ni1,B2+Sec.,CAST,other,20.0,,7.2,905.0,,25.0,822.0,1004.0,,,,,,,
19,Al1 Cr1 Fe1 Mo0.2 Ni1,BCC+B2,CAST,other,20.0,,6.5,549.0,C,25.0,1487.0,3222.0,,29.0,,,,,
19,Al1 Cr1 Fe1 Mo0.5 Ni1,BCC+B2,CAST,other,20.0,,6.8,622.0,C,25.0,1749.0,2644.0,,13.0,,,,,
19,Al1 Cr1 Fe1 Mo0.8 Ni1,B2+Sec.,CAST,other,20.0,,7.0,854.0,C,25.0,1513.0,1513.0,,0.0,,,,,
20,Al0.3 Co1 Cr1 Cu1 Fe1,FCC,,FCC,20.0,,7.7,180.0,,25.0,822.0,1004.0,,,,194.0,,,
20,Al0.5 Co1 Cr1 Cu1 Fe1,FCC,,FCC,20.0,,7.4,207.0,,25.0,822.0,1004.0,,,,187.0,,,
20,Al0.8 Co1 Cr1 Cu1 Fe1,FCC+BCC,,other,20.0,,7.0,271.0,,25.0,822.0,1004.0,,,,,,,
20,Al1 Co0.769 Cr0.769 Cu0.769 Fe0.769,FCC+BCC,,other,20.0,,6.5,476.0,,25.0,822.0,1004.0,,,,,,,
20,Al1 Co0.667 Cr0.667 Cu0.667 Fe0.667,FCC+BCC,,other,20.0,,6.3,510.0,,25.0,822.0,1004.0,,,,,,,
20,Al1 Co0.556 Cr0.556 Cu0.556 Fe0.556,FCC+BCC,,other,20.0,,6.1,557.0,,25.0,822.0,1004.0,,,,,,,
20,Al1 Co0.5 Cr0.5 Cu0.5 Fe0.5,FCC+BCC,,other,20.0,,5.9,567.0,,25.0,822.0,1004.0,,,,,,,
20,Al1 Co0.435 Cr0.435 Cu0.435 Fe0.435,FCC+BCC,,other,20.0,,5.7,603.0,,25.0,822.0,1004.0,,,,,,,
20,Al1 Co0.4 Cr0.4 Cu0.4 Fe0.4,FCC+BCC,,other,20.0,,5.6,624.0,,25.0,822.0,1004.0,,,,,,,
20,Al1 Co0.357 Cr0.357 Cu0.357 Fe0.357,BCC,,BCC,20.0,,5.5,657.0,,25.0,822.0,1004.0,,,,139.0,,,
20,Al1 Co0.333 Cr0.333 Cu0.333 Fe0.333,BCC,,BCC,20.0,,5.4,644.0,,25.0,822.0,1004.0,,,,136.0,,,
20,Al1 Co1 Cr1 Cu1 Fe1,FCC+BCC,,other,20.0,,6.8,407.0,,25.0,822.0,1004.0,,,,,,,
20,Co1 Cr1 Cu1 Fe1,FCC,,FCC,20.0,,8.2,134.0,,25.0,822.0,1004.0,,,,208.0,,,
21,Co1 Cr1 Cu0.5 Fe1 Ni1,FCC,CAST,FCC,20.0,,8.3,172.0,,25.0,822.0,1004.0,,,,215.0,,,
22,Co1 Cr1 Cu1 Fe1 Ni1 Ti1,FCC,CAST,FCC,20.0,,7.4,476.0,C,25.0,1272.0,1272.0,2.0,0.0,,185.0,,,
22,Co1 Cr1 Cu1 Fe1 Ni1 Ti0.5,FCC,CAST,FCC,20.0,,7.8,476.0,C,25.0,700.0,1650.0,22.0,21.6,,194.0,,,
22,Co1 Cr1 Cu1 Fe1 Ni1 Ti0.8,FCC+Sec.,CAST,other,20.0,,7.6,476.0,C,25.0,1042.0,1848.0,3.0,2.11,,,,,
23,Al0.5 B0.2 Co1 Cr1 Cu1 Fe1 Ni1,,CAST,other,20.0,,7.5,415.0,,25.0,822.0,1004.0,,,,,,,
23,Al0.5 B0.6 Co1 Cr1 Cu1 Fe1 Ni1,,CAST,other,20.0,,7.3,505.0,,25.0,822.0,1004.0,,,,,,,
23,Al0.5 B1 Co1 Cr1 Cu1 Fe1 Ni1,,CAST,other,20.0,,7.1,736.0,,25.0,822.0,1004.0,,,,,,,
23,Al0.5 Co1 Cr1 Cu1 Fe1 Ni1,,CAST,other,20.0,,7.6,300.0,,25.0,822.0,1004.0,,,,,,,
24,Al0.5 Co1 Cr1 Cu1 Fe1 Ni1,FCC,CAST,FCC,20.0,,7.6,225.0,,25.0,822.0,1004.0,,,,189.0,,,
24,Al0.5 Co1 Cr1 Cu1 Fe1 Ni1 Ti1,FCC+BCC+Sec.,CAST,other,20.0,,7.0,636.0,,25.0,822.0,1004.0,,,,,,,
24,Al0.5 Co1 Cr1 Cu1 Fe1 Ni1 Ti0.2,FCC,CAST,FCC,20.0,,7.5,272.0,,25.0,822.0,1004.0,,,,185.0,,,
24,Al0.5 Co1 Cr1 Cu1 Fe1 Ni1 Ti0.4,FCC,CAST,FCC,20.0,,7.3,321.0,,25.0,822.0,1004.0,,,,182.0,,,
24,Al0.5 Co1 Cr1 Cu1 Fe1 Ni1 Ti0.6,FCC+BCC,CAST,other,20.0,,7.2,458.0,,25.0,822.0,1004.0,,,,,,,
24,Al0.5 Co1 Cr1 Cu1 Fe1 Ni1 Ti0.8,FCC+BCC+Sec.,CAST,other,20.0,,7.1,590.0,,25.0,822.0,1004.0,,,,,,,
24,Al0.417 Co0.833 Cr0.833 Cu0.833 Fe0.833 Ni0.833 Ti1,FCC+BCC+Sec.,CAST,other,20.0,,6.9,646.0,,25.0,822.0,1004.0,,,,,,,
24,Al0.357 Co0.714 Cr0.714 Cu0.714 Fe0.714 Ni0.714 Ti1,FCC+BCC+B2+Sec.,CAST,other,20.0,,6.8,664.0,,25.0,822.0,1004.0,,,,,,,
24,Al0.312 Co0.625 Cr0.625 Cu0.625 Fe0.625 Ni0.625 Ti1,FCC+BCC+B2+Sec.,CAST,other,20.0,,6.7,657.0,,25.0,822.0,1004.0,,,,,,,
24,Al0.278 Co0.556 Cr0.556 Cu0.556 Fe0.556 Ni0.556 Ti1,FCC+BCC+B2+Sec.,CAST,other,20.0,,6.6,667.0,,25.0,822.0,1004.0,,,,,,,
24,Al0.25 Co0.5 Cr0.5 Cu0.5 Fe0.5 Ni0.5 Ti1,FCC+BCC+B2+Sec.,CAST,other,20.0,,6.5,696.0,,25.0,822.0,1004.0,,,,,,,
25,Al0.5 Co1 Cr1 Cu1 Fe1 Ni1,FCC,CAST,FCC,20.0,,7.6,215.0,,25.0,822.0,1004.0,,,,189.0,,,
25,Al0.5 Co1 Cr1 Cu1 Fe1 Ni1 V0.2,FCC,CAST,FCC,20.0,,7.6,204.0,,25.0,822.0,1004.0,,,,186.0,,,
25,Al0.5 Co1 Cr1 Cu1 Fe1 Ni1 V0.4,FCC+BCC,CAST,other,20.0,,7.5,231.0,,25.0,822.0,1004.0,,,,,,,
25,Al0.5 Co1 Cr1 Cu1 Fe1 Ni1 V0.6,FCC+BCC+Sec.,CAST,other,20.0,,7.5,328.0,,25.0,822.0,1004.0,,,,,,,
25,Al0.5 Co1 Cr1 Cu1 Fe1 Ni1 V0.8,FCC+BCC+Sec.,CAST,other,20.0,,7.4,447.0,,25.0,822.0,1004.0,,,,,,,
25,Al0.5 Co1 Cr1 Cu1 Fe1 Ni1 V1,FCC+BCC+Sec.,CAST,other,20.0,,7.4,639.0,,25.0,822.0,1004.0,,,,,,,
25,Al0.417 Co0.833 Cr0.833 Cu0.833 Fe0.833 Ni0.833 V1,BCC,CAST,BCC,20.0,,7.3,579.0,,25.0,822.0,1004.0,,,,177.0,,,
25,Al0.357 Co0.714 Cr0.714 Cu0.714 Fe0.714 Ni0.714 V1,BCC,CAST,BCC,20.0,,7.3,577.0,,25.0,822.0,1004.0,,,,175.0,,,
25,Al0.312 Co0.625 Cr0.625 Cu0.625 Fe0.625 Ni0.625 V1,BCC,CAST,BCC,20.0,,7.2,594.0,,25.0,822.0,1004.0,,,,174.0,,,
25,Al0.278 Co0.556 Cr0.556 Cu0.556 Fe0.556 Ni0.556 V1,BCC,CAST,BCC,20.0,,7.2,597.0,,25.0,822.0,1004.0,,,,172.0,,,
25,Al0.25 Co0.5 Cr0.5 Cu0.5 Fe0.5 Ni0.5 V1,BCC,CAST,BCC,20.0,,7.2,587.0,,25.0,822.0,1004.0,,,,171.0,,,
26,Al1 Co1 Cr1 Cu1 Fe1 Ni1,FCC+BCC,CAST,other,20.0,,7.1,472.0,,25.0,822.0,1004.0,,,,,,,
26,Al1 Co1 Cu1 Fe1 Nd1 Ni1,Other,CAST,other,20.0,,7.0,578.0,,25.0,822.0,1004.0,,,,,,,
26,Al1 Co1 Cu1 Fe1 Ni1,FCC+BCC,CAST,other,20.0,,7.0,536.0,,25.0,822.0,1004.0,,,,,,,
26,Al1 Co1 Cu1 Fe1 Ni1 Si1,FCC+BCC,CAST,other,20.0,,5.9,682.0,,25.0,822.0,1004.0,,,,,,,
26,Al1 Co1 Cu1 Fe1 Ni1 Ti1,FCC+BCC,CAST,other,20.0,,6.5,626.0,,25.0,822.0,1004.0,,,,,,,
26,Al1 Co1 Cu1 Fe1 Ni1 Zr1,FCC+BCC+Sec.,CAST,other,20.0,,6.9,472.0,,25.0,822.0,1004.0,,,,,,,
28,Al1 Co1 Cr1 Cu1 Fe1 Mn1 Ni1,FCC+BCC+Sec.,CAST,other,20.0,,7.1,476.0,C,25.0,1005.0,1004.0,15.0,,,,,,
28,Al1 Co1 Cr1 Cu1 Fe1 Ni1,FCC+BCC,CAST,other,20.0,,7.1,476.0,C,25.0,1303.0,1004.0,24.0,,,,,,
28,Al1 Co1 Cr1 Cu1 Fe1 Ni1 Ti1,FCC+BCC+BCC,CAST,other,20.0,,6.6,476.0,C,25.0,1234.0,1004.0,9.0,,,,,,
28,Al1 Co1 Cr1 Cu1 Fe1 Ni1 V1,FCC+BCC,CAST,other,20.0,,6.9,476.0,C,25.0,1469.0,1004.0,16.0,,,,,,
29,Al1 Co1 Cr1 Cu1 Ni1 Ti1,BCC,,BCC,20.0,,6.4,476.0,C,25.0,822.0,1495.0,,8.0,36.0,157.0,,,
29,Al1 Co1 Cr1 Cu1 Ni1 Ti1 Y1,Other,CAST,other,20.0,,5.8,476.0,C,25.0,822.0,1192.0,,4.0,37.0,,,,
29,Al1 Co1 Cr1 Cu1 Ni1 Ti1 Y0.5,Other,CAST,other,20.0,,6.1,476.0,C,25.0,822.0,1025.0,,3.0,36.0,,,,
29,Al1 Co1 Cr1 Cu1 Ni1 Ti1 Y0.8,Other,CAST,other,20.0,,5.9,476.0,C,25.0,822.0,1325.0,,5.0,38.0,,,,
30,Co1 Cu1 Fe1 Ni1,FCC,CAST,FCC,20.0,,8.6,476.0,T,25.0,822.0,480.0,,15.0,,187.0,,,
30,Co1 Cu1 Fe1 Ni1 Sn0.02,FCC,CAST,FCC,20.0,,8.6,476.0,T,25.0,822.0,548.0,,17.0,,185.0,,,
30,Co1 Cu1 Fe1 Ni1 Sn0.04,FCC+Sec.,CAST,other,20.0,,8.6,476.0,T,25.0,822.0,594.0,,18.0,,,,,
30,Co1 Cu1 Fe1 Ni1 Sn0.05,FCC+Sec.,CAST,other,20.0,,8.6,476.0,T,25.0,822.0,615.0,,20.0,,,,,
30,Co1 Cu1 Fe1 Ni1 Sn0.07,FCC+Sec.,CAST,other,20.0,,8.6,476.0,T,25.0,822.0,632.0,,19.0,,,,,
30,Co1 Cu1 Fe1 Ni1 Sn0.1,FCC+Sec.,CAST,other,20.0,,8.6,476.0,T,25.0,822.0,602.0,,5.0,,,,,
30,Co1 Cu1 Fe1 Ni1 Sn0.2,FCC+Sec.,CAST,other,20.0,,8.5,476.0,T,25.0,822.0,261.0,,2.0,,,,,
30,Co1 Cu1 Fe1 Ni1 Sn0.5,FCC+Sec.,CAST,other,20.0,,8.3,476.0,,25.0,822.0,1004.0,,,,,,,
31,Co1 Cu1 Fe1 Mn1 Ni1,FCC,CAST,FCC,20.0,,8.4,208.0,T,25.0,822.0,478.0,,14.0,,189.0,,,
31,Co1 Cu1 Fe1 Mn1 Ni1 Sn0.03,FCC,CAST,FCC,20.0,,8.4,192.0,T,25.0,822.0,465.0,,18.0,,187.0,,,
31,Co1 Cu1 Fe1 Mn1 Ni1 Sn0.05,FCC+Sec.,CAST,other,20.0,,8.4,205.0,T,25.0,822.0,475.0,,12.0,,,,,
31,Co1 Cu1 Fe1 Mn1 Ni1 Sn0.08,FCC+Sec.,CAST,other,20.0,,8.3,219.0,T,25.0,822.0,425.0,,7.0,,,,,
31,Co1 Cu1 Fe1 Mn1 Ni1 Sn0.1,FCC+Sec.,CAST,other,20.0,,8.3,253.0,T,25.0,822.0,470.0,,6.0,,,,,
31,Co1 Cu1 Fe1 Mn1 Ni1 Sn0.2,FCC+Sec.,CAST,other,20.0,,8.3,319.0,T,25.0,822.0,368.0,,2.0,,,,,
32,Al1 Cr1 Cu1 Fe1 Ni1,FCC+BCC,ANNEAL,other,20.0,,6.8,495.0,,25.0,822.0,1004.0,,,,,,,
32,Al1 Cr1 Cu1 Fe1 Ni0.6,FCC+BCC,ANNEAL,other,20.0,,6.6,496.0,,25.0,822.0,1004.0,,,,,,,
32,Al1 Cr1 Cu1 Fe1 Ni0.8,FCC+BCC,ANNEAL,other,20.0,,6.7,486.0,,25.0,822.0,1004.0,,,,,,,
32,Al0.833 Cr0.833 Cu0.833 Fe0.833 Ni1,FCC+BCC,ANNEAL,other,20.0,,6.8,407.0,,25.0,822.0,1004.0,,,,,,,
32,Al0.714 Cr0.714 Cu0.714 Fe0.714 Ni1,FCC+BCC,ANNEAL,other,20.0,,6.9,367.0,,25.0,822.0,1004.0,,,,,,,
32,Co1 Cr1 Cu1 Fe1 Ni1,FCC,,FCC,20.0,,8.3,286.0,C,25.0,230.0,888.0,51.0,,,206.0,,,
33,Al0.1 Cr0.5 Cu0.5 Fe0.5 Ni1,FCC,,FCC,20.0,,8.0,476.0,,25.0,822.0,1004.0,,,,197.0,,,
33,Al0.2 Cr0.5 Cu0.5 Fe0.5 Ni1,FCC,,FCC,20.0,,7.8,476.0,,25.0,822.0,1004.0,,,,190.0,,,
33,Al0.3 Cr0.5 Cu0.5 Fe0.5 Ni1,FCC,,FCC,20.0,,7.5,476.0,,25.0,822.0,1004.0,,,,185.0,,,
33,Al0.4 Cr0.5 Cu0.5 Fe0.5 Ni1,FCC,,FCC,20.0,,7.3,476.0,,25.0,822.0,1004.0,,,,179.0,,,
33,Al0.6 Cr0.5 Cu0.5 Fe0.5 Ni1,FCC+BCC,,other,20.0,,6.9,476.0,,25.0,822.0,1004.0,,,,,,,
33,Al0.5 Cr0.5 Cu0.5 Fe0.5 Ni1,FCC+BCC,,other,20.0,,7.1,476.0,,25.0,822.0,1004.0,,,,,,,
34,Al1 Cr1 Cu1 Fe1 Ni1 Ti1,BCC+BCC+Sec.,ANNEAL,other,20.0,,6.3,476.0,C,25.0,822.0,1219.0,,,,,,,
35,Al1 Cu0.889 Fe0.667 Ni0.889 Ti1,FCC,CAST,FCC,20.0,,5.9,516.0,C,25.0,980.0,1326.0,,7.0,145.0,131.0,,,
35,Al1 Cu1 Fe1 Ni1 Ti1,FCC,CAST,FCC,20.0,,6.1,516.0,C,25.0,1074.0,1617.0,,8.0,146.0,137.0,,,
35,Al1 Cu1 Ni1 Ti1,FCC,CAST,FCC,20.0,,5.7,537.0,C,25.0,300.0,536.0,,0.85,108.0,122.0,,,
36,Al1 Cu0.062 Li0.062 Mg0.062 Zn0.062,FCC+Sec.,CAST,other,20.0,,2.9,476.0,C,25.0,488.0,879.0,17.0,,,,,,
36,Al1 Li0.062 Mg0.062 Sn0.062 Zn0.062,FCC+Sec.,CAST,other,20.0,,3.0,476.0,C,25.0,415.0,836.0,16.0,,,,,,
36,Al1 Cu0.2 Li0.5 Mg1 Zn0.5,Other,CAST,other,20.0,,2.7,476.0,,25.0,822.0,1004.0,,,,,,,
36,Al1 Cu0.5 Li0.5 Mg1 Sn0.2,Other,CAST,other,20.0,,3.0,476.0,,25.0,822.0,1004.0,,,,,,,
36,Al1 Li0.5 Mg1 Sn0.2 Zn0.5,FCC+Sec.,CAST,other,20.0,,2.9,476.0,C,25.0,546.0,546.0,,,,,,,
36,Al1 Li1 Mg1 Sn1 Zn1,FCC+HCP+Sec.,CAST,other,20.0,,3.9,476.0,C,25.0,600.0,615.0,1.0,,,,,,
38,Al0.667 Li0.667 Mg0.333 Sc0.667 Ti1,FCC+HCP,,other,20.0,,2.7,591.0,,25.0,822.0,1004.0,,,,,,,
39,Al0.214 Nb0.714 Ta0.571 Ti1 V0.143 Zr0.929,BCC,OTHER,BCC,180.0,,7.7,500.0,C,25.0,1965.0,2061.0,5.0,,,107.0,,,
39,Al0.214 Nb0.714 Ta0.571 Ti1 V0.143 Zr0.929,BCC,OTHER,BCC,20.0,,7.7,476.0,C,800.0,678.0,693.0,50.0,,,107.0,,,
39,Al0.214 Nb0.714 Ta0.571 Ti1 V0.143 Zr0.929,BCC,OTHER,BCC,20.0,,7.7,476.0,C,1000.0,166.0,189.0,50.0,,,107.0,,,
39,Al0.214 Nb0.714 Ta0.714 Ti1 Zr0.929,BCC,OTHER,BCC,200.0,,8.1,490.0,C,25.0,1965.0,2054.0,5.0,,,110.0,,,
39,Al0.214 Nb0.714 Ta0.714 Ti1 Zr0.929,BCC,OTHER,BCC,20.0,,8.1,476.0,C,800.0,362.0,397.0,50.0,,,110.0,,,
39,Al0.214 Nb0.714 Ta0.714 Ti1 Zr0.929,BCC,OTHER,BCC,20.0,,8.1,476.0,C,1000.0,236.0,247.0,50.0,,,110.0,,,
39,Al0.4 Hf0.6 Nb1 Ta1 Ti1 Zr1,BCC,OTHER,BCC,140.0,,9.1,500.0,C,25.0,1841.0,2269.0,10.0,,,107.0,,,
39,Al0.4 Hf0.6 Nb1 Ta1 Ti1 Zr1,BCC,OTHER,BCC,20.0,,9.1,476.0,C,800.0,796.0,834.0,50.0,,,107.0,,,
39,Al0.4 Hf0.6 Nb1 Ta1 Ti1 Zr1,BCC,OTHER,BCC,20.0,,9.1,476.0,C,1000.0,298.0,455.0,50.0,,,107.0,,,
39,Al0.333 Nb0.667 Ta0.533 Ti1 V0.133 Zr0.667,BCC,OTHER,BCC,100.0,,7.6,530.0,C,25.0,2035.0,2105.0,5.0,,,109.0,,,
39,Al0.333 Nb0.667 Ta0.533 Ti1 V0.133 Zr0.667,BCC,OTHER,BCC,20.0,,7.6,476.0,C,800.0,796.0,851.0,50.0,,,109.0,,,
39,Al0.333 Nb0.667 Ta0.533 Ti1 V0.133 Zr0.667,BCC,OTHER,BCC,20.0,,7.6,476.0,C,1000.0,220.0,225.0,50.0,,,109.0,,,
39,Al1 Mo0.5 Nb1 Ta0.5 Ti1 Zr1,BCC+B2,OTHER,other,75.0,,7.1,591.0,C,25.0,2000.0,2368.0,10.0,,,,,,
39,Al1 Mo0.5 Nb1 Ta0.5 Ti1 Zr1,BCC+B2,OTHER,other,20.0,,7.1,476.0,C,800.0,1597.0,1810.0,11.0,,,,,,
39,Al1 Mo0.5 Nb1 Ta0.5 Ti1 Zr1,BCC+B2,OTHER,other,20.0,,7.1,476.0,C,1000.0,745.0,772.0,50.0,,,,,,
39,Al1 Mo0.5 Nb1 Ta0.5 Ti1 Zr1,BCC+B2,OTHER,other,20.0,,7.1,476.0,C,1200.0,250.0,1004.0,50.0,,,,,,
39,Al0.667 Nb1 Ta0.333 Ti1 Zr0.333,BCC,OTHER,BCC,2000.0,,6.8,408.0,C,25.0,1280.0,1367.0,4.0,,,105.0,,,
39,Al0.667 Nb1 Ta0.333 Ti1 Zr0.333,BCC,OTHER,BCC,20.0,,6.8,476.0,C,800.0,728.0,1000.0,12.0,,,105.0,,,
39,Al0.667 Nb1 Ta0.333 Ti1 Zr0.333,BCC,OTHER,BCC,20.0,,6.8,476.0,C,1000.0,403.0,415.0,50.0,,,105.0,,,
40,Al0.3 Hf1 Nb1 Ta1 Ti1 Zr1,BCC,CAST,BCC,105.0,,9.5,353.0,C,25.0,1188.0,1004.0,50.0,,63.0,105.0,,,
40,Al0.5 Hf1 Nb1 Ta1 Ti1 Zr1,BCC,CAST,BCC,86.0,,9.3,396.0,C,25.0,1302.0,1004.0,46.0,,97.0,104.0,,,
40,Al0.75 Hf1 Nb1 Ta1 Ti1 Zr1,BCC,CAST,BCC,89.0,,9.1,427.0,C,25.0,1415.0,2050.0,30.0,,102.0,103.0,,,
40,Al1 Hf1 Nb1 Ta1 Ti1 Zr1,BCC+Sec.,CAST,other,92.0,,8.9,441.0,C,25.0,1489.0,1900.0,21.0,,103.0,,,,
40,Hf1 Nb1 Ta1 Ti1 Zr1,BCC,CAST,BCC,120.0,,9.9,295.0,C,25.0,1073.0,1004.0,50.0,,55.0,107.0,,,
41,Al0.25 Mo1 Nb1 Ti1 V1,BCC,CAST,BCC,20.0,,7.1,460.0,C,25.0,1250.0,1500.0,13.0,,,161.0,,,
41,Al0.5 Mo1 Nb1 Ti1 V1,BCC,CAST,BCC,20.0,,6.8,487.0,C,25.0,1625.0,1800.0,11.0,,,156.0,,,
41,Al0.75 Mo1 Nb1 Ti1 V1,BCC,CAST,BCC,20.0,,6.6,517.0,C,25.0,1260.0,1300.0,8.0,,,151.0,,,
41,Al1 Mo1 Nb1 Ti1 V1,BCC,CAST,BCC,20.0,,6.4,537.0,C,25.0,1375.0,1400.0,3.0,,,147.0,,,
41,Mo1 Nb1 Ti1 V1,BCC,CAST,BCC,20.0,,7.3,441.0,C,25.0,1200.0,2050.0,26.0,,,167.0,,,
42,Al0.25 Nb1 Ta1 Ti1 V1,BCC,CAST,BCC,20.0,,8.8,476.0,C,25.0,1330.0,1004.0,,,,130.0,,,
42,Al0.5 Nb1 Ta1 Ti1 V1,BCC,CAST,BCC,20.0,,8.5,476.0,C,25.0,1014.0,1004.0,,,,127.0,,,
42,Al1 Nb1 Ta1 Ti1 V1,BCC,CAST,BCC,20.0,,7.9,476.0,C,25.0,993.0,1004.0,,,,122.0,,,
42,Nb1 Ta1 Ti1 V1,BCC,CAST,BCC,20.0,,9.2,476.0,C,25.0,1092.0,1004.0,,,,134.0,,,
43,Al1 Nb1 Ti1 V1,BCC,ANNEAL,BCC,350.0,,5.5,448.0,C,25.0,1020.0,1318.0,,5.0,,104.0,,,
43,Al1 Nb1 Ti1 V1,BCC,ANNEAL,BCC,20.0,,5.5,476.0,C,600.0,810.0,1050.0,,12.0,,104.0,,,
43,Al1 Nb1 Ti1 V1,BCC,ANNEAL,BCC,20.0,,5.5,476.0,C,800.0,685.0,1004.0,,50.0,,104.0,,,
43,Al1 Nb1 Ti1 V1,BCC,ANNEAL,BCC,20.0,,5.5,476.0,C,1000.0,158.0,1004.0,,50.0,,104.0,,,
44,Cr1 Mo0.5 Nb1 Ta0.5 Ti1 Zr1,BCC+BCC+Sec.,OTHER,other,20.0,,8.0,540.0,C,25.0,1595.0,2046.0,5.0,,,,,,
44,Cr1 Mo0.5 Nb1 Ta0.5 Ti1 Zr1,BCC+BCC+Sec.,OTHER,other,20.0,,8.0,476.0,C,800.0,983.0,1100.0,5.5,,,,,,
44,Cr1 Mo0.5 Nb1 Ta0.5 Ti1 Zr1,BCC+BCC+Sec.,OTHER,other,20.0,,8.0,476.0,C,1000.0,546.0,630.0,50.0,,,,,,
44,Cr1 Mo0.5 Nb1 Ta0.5 Ti1 Zr1,BCC+BCC+Sec.,OTHER,other,20.0,,8.0,476.0,C,1200.0,170.0,190.0,50.0,,,,,,
45,Cr1 Nb1 Ti1 V1 Zr1,BCC+Sec.,OTHER,other,20.0,,6.6,482.0,C,25.0,1298.0,1004.0,3.0,,,,,,
45,Cr1 Nb1 Ti1 V1 Zr1,BCC+Sec.,OTHER,other,20.0,,6.6,476.0,C,600.0,1230.0,1004.0,10.0,,,,,,
45,Cr1 Nb1 Ti1 V1 Zr1,BCC+Sec.,OTHER,other,20.0,,6.6,476.0,C,800.0,615.0,1004.0,50.0,,,,,,
45,Cr1 Nb1 Ti1 V1 Zr1,BCC+Sec.,OTHER,other,20.0,,6.6,476.0,C,1000.0,259.0,1004.0,50.0,,,,,,
45,Cr1 Nb1 Ti1 Zr1,BCC+Sec.,OTHER,other,20.0,,6.6,418.0,C,25.0,1260.0,1004.0,6.0,,,,,,
45,Cr1 Nb1 Ti1 Zr1,BCC+Sec.,OTHER,other,20.0,,6.6,476.0,C,600.0,1035.0,1004.0,50.0,,,,,,
45,Cr1 Nb1 Ti1 Zr1,BCC+Sec.,OTHER,other,20.0,,6.6,476.0,C,800.0,300.0,1004.0,50.0,,,,,,
45,Cr1 Nb1 Ti1 Zr1,BCC+Sec.,OTHER,other,20.0,,6.6,476.0,C,1000.0,115.0,1004.0,50.0,,,,,,
45,Nb0.5 Ti0.5 V1 Zr0.5,BCC,OTHER,BCC,550.0,,6.4,304.0,C,25.0,918.0,1004.0,50.0,,,105.0,,,
45,Nb0.5 Ti0.5 V1 Zr0.5,BCC,OTHER,BCC,20.0,,6.4,476.0,C,600.0,571.0,1004.0,50.0,,,105.0,,,
45,Nb0.5 Ti0.5 V1 Zr0.5,BCC,OTHER,BCC,20.0,,6.4,476.0,C,800.0,240.0,1004.0,50.0,,,105.0,,,
45,Nb0.5 Ti0.5 V1 Zr0.5,BCC,OTHER,BCC,20.0,,6.4,476.0,C,1000.0,72.0,1004.0,50.0,,,105.0,,,
45,Nb1 Ti1 V1 Zr1,BCC,OTHER,BCC,550.0,,6.5,335.0,C,25.0,1105.0,1004.0,50.0,,,100.0,,,
45,Nb1 Ti1 V1 Zr1,BCC,OTHER,BCC,20.0,,6.5,476.0,C,600.0,834.0,1004.0,50.0,,,100.0,,,
45,Nb1 Ti1 V1 Zr1,BCC,OTHER,BCC,20.0,,6.5,476.0,C,800.0,187.0,1004.0,50.0,,,100.0,,,
45,Nb1 Ti1 V1 Zr1,BCC,OTHER,BCC,20.0,,6.5,476.0,C,1000.0,58.0,1004.0,50.0,,,100.0,,,
47,Hf0.5 Mo0.5 Nb1 Ti1 Zr1,BCC,CAST,BCC,20.0,,7.9,476.0,C,25.0,1176.0,1538.0,,,,115.0,,,
47,C0.1 Hf0.5 Mo0.5 Nb1 Ti1 Zr1,BCC+Sec.,CAST,other,20.0,,7.8,476.0,C,25.0,1183.0,2139.0,38.0,,,,,,
47,C0.3 Hf0.5 Mo0.5 Nb1 Ti1 Zr1,BCC+Sec.,CAST,other,20.0,,7.7,476.0,C,25.0,1201.0,1965.0,33.0,,,,,,
48,Hf1 Mo0.25 Nb1 Ta1 Ti1 Zr1,BCC,CAST,BCC,20.0,,9.9,395.0,C,25.0,1112.0,1004.0,50.0,,96.0,115.0,,,
48,Hf1 Mo0.5 Nb1 Ta1 Ti1 Zr1,BCC,CAST,BCC,20.0,,9.9,480.0,C,25.0,1317.0,1004.0,50.0,,102.0,123.0,,,
48,Hf1 Mo0.75 Nb1 Ta1 Ti1 Zr1,BCC,CAST,BCC,20.0,,9.9,492.0,C,25.0,1373.0,1004.0,50.0,,109.0,130.0,,,
48,Hf1 Mo1 Nb1 Ta1 Ti1 Zr1,BCC,CAST,BCC,20.0,,9.9,505.0,C,25.0,1512.0,1800.0,12.0,,115.0,137.0,,,
48,Hf1 Nb1 Ta1 Ti1 Zr1,BCC,CAST,BCC,20.0,,9.9,335.0,C,25.0,1015.0,1004.0,50.0,,85.0,107.0,,,
49,Hf1 Mo1 Nb1 Ta1 Ti1 Zr1,BCC,CAST,BCC,20.0,,9.9,505.0,C,25.0,1512.0,1004.0,12.0,,,137.0,,,
49,Hf1 Mo1 Nb1 Ta1 Ti1 Zr1,BCC,CAST,BCC,20.0,,9.9,476.0,C,800.0,1007.0,1004.0,23.0,,,137.0,,,
49,Hf1 Mo1 Nb1 Ta1 Ti1 Zr1,BCC,CAST,BCC,20.0,,9.9,476.0,C,1000.0,814.0,1004.0,30.0,,,137.0,,,
49,Hf1 Mo1 Nb1 Ta1 Ti1 Zr1,BCC,CAST,BCC,20.0,,9.9,476.0,C,1200.0,556.0,1004.0,30.0,,,137.0,,,
49,Hf1 Mo1 Ta1 Ti1 Zr1,BCC,CAST,BCC,20.0,,10.2,542.0,C,25.0,1600.0,1743.0,4.0,,,143.0,,,
49,Hf1 Mo1 Ta1 Ti1 Zr1,BCC,CAST,BCC,20.0,,10.2,476.0,C,800.0,1045.0,1446.0,19.0,,,143.0,,,
49,Hf1 Mo1 Ta1 Ti1 Zr1,BCC,CAST,BCC,20.0,,10.2,476.0,C,1000.0,855.0,1004.0,30.0,,,143.0,,,
49,Hf1 Mo1 Ta1 Ti1 Zr1,BCC,CAST,BCC,20.0,,10.2,476.0,C,1200.0,404.0,1004.0,30.0,,,143.0,,,
50,Hf1 Mo1 Nb1 Ti1 Zr1,BCC,ANNEAL,BCC,20.0,,8.7,476.0,C,25.0,1575.0,1640.0,9.0,,,128.0,,,
50,Hf1 Mo1 Nb1 Ti1 Zr1,BCC,ANNEAL,BCC,20.0,,8.7,476.0,C,800.0,825.0,1095.0,50.0,,,128.0,,,
50,Hf1 Mo1 Nb1 Ti1 Zr1,BCC,ANNEAL,BCC,20.0,,8.7,476.0,C,1000.0,635.0,654.0,50.0,,,128.0,,,
50,Hf1 Mo1 Nb1 Ti1 Zr1,BCC,ANNEAL,BCC,20.0,,8.7,476.0,C,1200.0,187.0,194.0,50.0,,,128.0,,,
50,Hf1 Mo1 Nb1 Ti1 Zr1,BCC,CAST,BCC,20.0,,8.7,476.0,C,25.0,1719.0,1803.0,10.0,,,128.0,,,
51,Hf1 Nb1 Si0.5 Ti1 V1,BCC+Sec.,CAST,other,20.0,,7.8,476.0,C,800.0,875.0,1004.0,50.0,,,,,,
51,Hf1 Nb1 Si0.5 Ti1 V1,BCC+Sec.,CAST,other,20.0,,7.8,476.0,C,1000.0,240.0,1004.0,50.0,,,,,,
51,Hf1 Nb1 Si0.5 Ti1 V1,BCC+Sec.,CAST,other,20.0,,7.8,490.0,C,25.0,1399.0,1608.0,11.0,,,,,,
52,Hf0.333 Nb0.333 Ta0.333 Ti1 Zr0.667,BCC,CAST,BCC,20.0,,8.2,301.0,T,25.0,903.0,990.0,19.0,,,103.0,,,
53,Hf1 Nb1 Ta1 Ti1 Zr1,BCC,OTHER,BCC,20.0,,9.9,476.0,C,25.0,929.0,1004.0,50.0,,,107.0,,,
53,Hf1 Nb1 Ta1 Ti1 Zr1,BCC,OTHER,BCC,20.0,,9.9,476.0,C,400.0,790.0,1004.0,50.0,,,107.0,,,
53,Hf1 Nb1 Ta1 Ti1 Zr1,BCC,OTHER,BCC,20.0,,9.9,476.0,C,600.0,675.0,1004.0,50.0,,,107.0,,,
53,Hf1 Nb1 Ta1 Ti1 Zr1,BCC,OTHER,BCC,20.0,,9.9,476.0,C,800.0,535.0,1004.0,50.0,,,107.0,,,
53,Hf1 Nb1 Ta1 Ti1 Zr1,BCC,OTHER,BCC,20.0,,9.9,476.0,C,1000.0,295.0,1004.0,50.0,,,107.0,,,
53,Hf1 Nb1 Ta1 Ti1 Zr1,BCC,OTHER,BCC,20.0,,9.9,476.0,C,1200.0,92.0,1004.0,50.0,,,107.0,,,
55,Hf1 Nb1 Ti1 Zr1,BCC,CAST,BCC,20.0,,8.4,476.0,T,25.0,879.0,969.0,,14.9,,89.0,,,
56,Mo1 Nb1 Ta1 V1,BCC,ANNEAL,BCC,200.0,,10.7,504.0,C,25.0,1525.0,2400.0,21.0,,,186.0,,,
57,Mo1 Nb1 Ta1 V1 W1,BCC,CAST,BCC,80.0,,12.4,536.0,C,25.0,1246.0,1270.0,2.0,,,229.0,,,
57,Mo1 Nb1 Ta1 V1 W1,BCC,CAST,BCC,20.0,,12.4,476.0,C,600.0,862.0,1004.0,13.0,,,229.0,,,
57,Mo1 Nb1 Ta1 V1 W1,BCC,CAST,BCC,20.0,,12.4,476.0,C,800.0,846.0,1004.0,17.0,,,229.0,,,
57,Mo1 Nb1 Ta1 V1 W1,BCC,CAST,BCC,20.0,,12.4,476.0,C,1000.0,842.0,1004.0,19.0,,,229.0,,,
57,Mo1 Nb1 Ta1 V1 W1,BCC,CAST,BCC,20.0,,12.4,476.0,C,1200.0,735.0,1004.0,7.5,,,229.0,,,
57,Mo1 Nb1 Ta1 V1 W1,BCC,CAST,BCC,20.0,,12.4,476.0,C,1400.0,656.0,1004.0,40.0,,,229.0,,,
57,Mo1 Nb1 Ta1 V1 W1,BCC,CAST,BCC,20.0,,12.4,476.0,C,1600.0,477.0,1004.0,40.0,,,229.0,,,
57,Mo1 Nb1 Ta1 W1,BCC,CAST,BCC,200.0,,13.7,454.0,C,25.0,1058.0,1211.0,2.0,,,250.0,,,
57,Mo1 Nb1 Ta1 W1,BCC,CAST,BCC,20.0,,13.7,476.0,C,600.0,561.0,1004.0,40.0,,,250.0,,,
57,Mo1 Nb1 Ta1 W1,BCC,CAST,BCC,20.0,,13.7,476.0,C,800.0,552.0,1004.0,40.0,,,250.0,,,
57,Mo1 Nb1 Ta1 W1,BCC,CAST,BCC,20.0,,13.7,476.0,C,1000.0,548.0,1004.0,40.0,,,250.0,,,
57,Mo1 Nb1 Ta1 W1,BCC,CAST,BCC,20.0,,13.7,476.0,C,1200.0,506.0,1004.0,40.0,,,250.0,,,
57,Mo1 Nb1 Ta1 W1,BCC,CAST,BCC,20.0,,13.7,476.0,C,1400.0,421.0,1004.0,40.0,,,250.0,,,
57,Mo1 Nb1 Ta1 W1,BCC,CAST,BCC,20.0,,13.7,476.0,C,1600.0,405.0,1004.0,40.0,,,250.0,,,
58,Mo0.3 Nb1 Ti1 V1 Zr1,BCC,ANNEAL,BCC,20.0,,6.7,476.0,C,25.0,1289.0,1004.0,,42.0,,114.0,,,
58,Mo0.5 Nb1 Ti1 V1 Zr1,BCC,ANNEAL,BCC,20.0,,6.8,476.0,C,25.0,1473.0,1004.0,,32.0,,122.0,,,
58,Mo0.7 Nb1 Ti1 V1 Zr1,BCC,ANNEAL,BCC,20.0,,6.9,476.0,C,25.0,1706.0,1004.0,,32.0,,130.0,,,
58,Mo1 Nb0.769 Ti0.769 V0.769 Zr0.769,BCC,ANNEAL,BCC,20.0,,7.3,476.0,C,25.0,1496.0,1004.0,,30.0,,150.0,,,
58,Mo1 Nb0.667 Ti0.667 V0.667 Zr0.667,BCC,ANNEAL,BCC,20.0,,7.4,476.0,C,25.0,1603.0,1004.0,,20.0,,156.0,,,
58,Mo1 Nb0.588 Ti0.588 V0.588 Zr0.588,BCC,ANNEAL,BCC,20.0,,7.5,476.0,C,25.0,1645.0,1004.0,,15.0,,161.0,,,
58,Mo1 Nb0.5 Ti0.5 V0.5 Zr0.5,BCC,ANNEAL,BCC,20.0,,7.6,476.0,C,25.0,1765.0,1004.0,,12.0,,169.0,,,
58,Mo1 Nb1 Ti1 V1 Zr1,BCC,ANNEAL,BCC,20.0,,7.1,476.0,C,25.0,1779.0,1004.0,,32.0,,141.0,,,
58,Mo1 Nb1 Ti1 V0.3 Zr1,BCC,ANNEAL,BCC,20.0,,7.2,476.0,C,25.0,1455.0,1004.0,,25.0,,142.0,,,
58,Mo0.1 Nb1 Ti1 V0.3 Zr1,BCC,ANNEAL,BCC,20.0,,6.6,476.0,C,25.0,932.0,1004.0,,45.0,,102.0,,,
58,Mo0.3 Nb1 Ti1 V0.3 Zr1,BCC,ANNEAL,BCC,20.0,,6.8,476.0,C,25.0,1312.0,1004.0,,50.0,,112.0,,,
58,Mo0.5 Nb1 Ti1 V0.3 Zr1,BCC,ANNEAL,BCC,20.0,,6.9,476.0,C,25.0,1301.0,1004.0,,43.0,,122.0,,,
58,Mo0.7 Nb1 Ti1 V0.3 Zr1,BCC,ANNEAL,BCC,20.0,,7.1,476.0,C,25.0,1436.0,1004.0,,27.0,,130.0,,,
58,Mo1 Nb0.769 Ti0.769 V0.231 Zr0.769,BCC,ANNEAL,BCC,20.0,,7.4,476.0,C,25.0,1603.0,1004.0,,20.0,,153.0,,,
58,Mo1 Nb0.667 Ti0.667 V0.2 Zr0.667,BCC,ANNEAL,BCC,20.0,,7.5,476.0,C,25.0,1576.0,1004.0,,8.0,,159.0,,,
58,Nb1 Ti1 V0.3 Zr1,BCC,ANNEAL,BCC,20.0,,6.5,476.0,C,25.0,866.0,1004.0,,45.0,,96.0,,,
58,Nb1 Ti1 V1 Zr1,BCC,ANNEAL,BCC,20.0,,6.5,476.0,C,25.0,1104.0,1004.0,,50.0,,100.0,,,
59,Mo1 Nb1 Ti1 V0.25 Zr1,BCC,CAST,BCC,20.0,,7.3,476.0,C,25.0,1776.0,3893.0,30.0,,,142.0,,,
59,Mo1 Nb1 Ti1 V0.5 Zr1,BCC,CAST,BCC,20.0,,7.2,476.0,C,25.0,1647.0,3307.0,28.0,,,142.0,,,
59,Mo1 Nb1 Ti1 V0.75 Zr1,BCC,CAST,BCC,20.0,,7.2,476.0,C,25.0,1708.0,3929.0,29.0,,,141.0,,,
59,Mo1 Nb1 Ti1 V1 Zr1,BCC,CAST,BCC,20.0,,7.1,476.0,C,25.0,1786.0,3828.0,26.0,,,141.0,,,
59,Mo0.667 Nb0.667 Ti0.667 V1 Zr0.667,BCC,CAST,BCC,20.0,,7.1,476.0,C,25.0,1735.0,3300.0,20.0,,,140.0,,,
59,Mo0.5 Nb0.5 Ti0.5 V1 Zr0.5,BCC,CAST,BCC,20.0,,7.0,476.0,C,25.0,1538.0,3176.0,23.0,,,139.0,,,
59,Mo0.333 Nb0.333 Ti0.333 V1 Zr0.333,BCC,CAST,BCC,20.0,,6.9,476.0,C,25.0,1418.0,2508.0,24.0,,,138.0,,,
59,Mo1 Nb1 Ti1 Zr1,BCC,CAST,BCC,20.0,,7.3,476.0,C,25.0,1592.0,3450.0,34.0,,,143.0,,,
60,Co1 Fe1 Mo0.2 Ni1 V1,FCC+Sec.,CAST,other,20.0,,8.0,267.0,,25.0,822.0,1004.0,,,,,,,
60,Co1 Fe1 Mo0.4 Ni1 V1,FCC+Sec.,CAST,other,20.0,,8.1,402.0,,25.0,822.0,1004.0,,,,,,,
60,Co1 Fe1 Mo0.6 Ni1 V1,FCC+Sec.,CAST,other,20.0,,8.2,557.0,,25.0,822.0,1004.0,,,,,,,
60,Co1 Fe1 Mo0.8 Ni1 V1,FCC+Sec.,CAST,other,20.0,,8.3,606.0,,25.0,822.0,1004.0,,,,,,,
60,Co0.833 Fe0.833 Mo0.833 Ni1 V0.833,FCC+Sec.,CAST,other,20.0,,8.4,602.0,,25.0,822.0,1004.0,,,,,,,
60,Co0.714 Fe0.714 Mo0.714 Ni1 V0.714,FCC+Sec.,CAST,other,20.0,,8.5,538.0,,25.0,822.0,1004.0,,,,,,,
60,Co0.625 Fe0.625 Mo0.625 Ni1 V0.625,FCC+Sec.,CAST,other,20.0,,8.5,520.0,,25.0,822.0,1004.0,,,,,,,
60,Co0.556 Fe0.556 Mo0.556 Ni1 V0.556,FCC+Sec.,CAST,other,20.0,,8.5,510.0,,25.0,822.0,1004.0,,,,,,,
60,Co0.5 Fe0.5 Mo0.5 Ni1 V0.5,FCC+Sec.,CAST,other,20.0,,8.5,382.0,,25.0,822.0,1004.0,,,,,,,
60,Co1 Fe1 Mo1 Ni1 V1,FCC+Sec.,CAST,other,20.0,,8.4,625.0,,25.0,822.0,1004.0,,,,,,,
60,Co1 Fe1 Ni1 V1,FCC,CAST,FCC,20.0,,7.8,238.0,,25.0,822.0,1004.0,,,,184.0,,,
61,Al0.125 Co1 Cr1 Cu1 Fe1 Mn1 Ni1 Ti1 V1,FCC+BCC,CAST,other,20.0,,7.2,476.0,C,25.0,1862.0,2431.0,1.0,,164.0,,,,
61,Al0.25 Co1 Cr1 Cu1 Fe1 Mn1 Ni1 Ti1 V1,BCC,CAST,BCC,20.0,,7.1,476.0,C,25.0,1465.0,2016.0,2.0,,190.0,174.0,,,
61,Al0.667 Co1 Cr1 Cu1 Fe1 Mn1 Ni1 Ti1 V1,BCC+Sec.,CAST,other,20.0,,6.8,476.0,C,25.0,1461.0,1461.0,1.0,,163.0,,,,
61,Co1 Cr1 Cu1 Fe1 Mn1 Ni1 Ti1 V1,FCC+BCC+Sec.,CAST,other,20.0,,7.3,476.0,C,25.0,1312.0,1312.0,1.0,,74.0,,,,
62,Cu1 Mn1 Ni1 Zn0.333,FCC,CAST,FCC,20.0,,8.3,147.0,C,25.0,215.0,1004.0,60.0,,,167.0,,,
62,Cu1 Mn1 Ni1 Zn0.25,FCC,CAST,FCC,20.0,,8.3,109.0,C,25.0,140.0,1004.0,65.0,,,169.0,,,
62,Al0.111 Cu1 Mn1 Ni1,FCC+Sec.,CAST,other,20.0,,8.1,241.0,C,25.0,515.0,1004.0,40.0,,,,,,
62,Cu1 Mn1 Ni1 Sn0.111,FCC+Sec.,CAST,other,20.0,,8.3,318.0,C,25.0,630.0,1004.0,20.0,,,,,,
62,Al0.053 Cu1 Mn1 Ni1,FCC,CAST,FCC,20.0,,8.3,166.0,C,25.0,330.0,1004.0,45.0,,,173.0,,,
62,Cu1 Mn1 Ni1 Sn0.053,FCC+Sec.,CAST,other,20.0,,8.4,205.0,C,25.0,380.0,1004.0,63.0,,,,,,
64,Al0.5 Co1 Cr1 Cu1 Fe1 Ni1,FCC,CAST,FCC,20.0,,7.6,476.0,C,1000.0,150.0,1004.0,,,,189.0,,,
64,Al0.5 Co1 Cr1 Cu1 Fe1 Ni1,FCC,CAST,FCC,20.0,,7.6,476.0,C,25.0,388.0,1004.0,,,,189.0,,,
64,Al0.5 Co1 Cr1 Cu1 Fe1 Ni1,FCC,CAST,FCC,20.0,,7.6,476.0,C,300.0,411.0,1004.0,,,,189.0,,,
64,Al0.5 Co1 Cr1 Cu1 Fe1 Ni1,FCC,CAST,FCC,20.0,,7.6,476.0,C,500.0,421.0,1004.0,,,,189.0,,,
64,Al0.5 Co1 Cr1 Cu1 Fe1 Ni1,FCC,CAST,FCC,20.0,,7.6,476.0,C,700.0,426.0,1004.0,,,,189.0,,,
64,Al0.5 Co1 Cr1 Cu1 Fe1 Ni1,FCC,CAST,FCC,20.0,,7.6,476.0,C,900.0,230.0,1004.0,,,,189.0,,,
64,Al0.5 Co1 Cr1 Cu1 Fe1 Ni1,FCC,CAST,FCC,20.0,,7.6,476.0,C,1100.0,80.0,1004.0,,,,189.0,,,
64,Al1 Co0.5 Cr0.5 Cu0.5 Fe0.5 Ni0.5,BCC,CAST,BCC,20.0,,6.3,476.0,C,1000.0,116.0,1004.0,,,,156.0,,,
64,Al1 Co0.5 Cr0.5 Cu0.5 Fe0.5 Ni0.5,BCC,CAST,BCC,20.0,,6.3,476.0,C,1100.0,79.0,1004.0,,,,156.0,,,
64,Al1 Co0.5 Cr0.5 Cu0.5 Fe0.5 Ni0.5,BCC,CAST,BCC,20.0,,6.3,476.0,C,25.0,1620.0,1004.0,,,,156.0,,,
64,Al1 Co0.5 Cr0.5 Cu0.5 Fe0.5 Ni0.5,BCC,CAST,BCC,20.0,,6.3,476.0,C,600.0,805.0,1004.0,,,,156.0,,,
64,Al1 Co0.5 Cr0.5 Cu0.5 Fe0.5 Ni0.5,BCC,CAST,BCC,20.0,,6.3,476.0,C,500.0,1120.0,1004.0,,,,156.0,,,
64,Al1 Co0.5 Cr0.5 Cu0.5 Fe0.5 Ni0.5,BCC,CAST,BCC,20.0,,6.3,476.0,C,700.0,567.0,1004.0,,,,156.0,,,
64,Al1 Co0.5 Cr0.5 Cu0.5 Fe0.5 Ni0.5,BCC,CAST,BCC,20.0,,6.3,476.0,C,900.0,214.0,1004.0,,,,156.0,,,
64,Al1 Co0.5 Cr0.5 Cu0.5 Fe0.5 Ni0.5,BCC,CAST,BCC,20.0,,6.3,476.0,C,800.0,302.0,1004.0,,,,156.0,,,
64,Al1 Co1 Cr1 Cu1 Fe1 Ni1,FCC+BCC,CAST,other,20.0,,7.1,476.0,C,1000.0,47.0,1004.0,,,,,,,
64,Al1 Co1 Cr1 Cu1 Fe1 Ni1,FCC+BCC,CAST,other,20.0,,7.1,476.0,C,25.0,948.0,1004.0,,,,,,,
64,Al1 Co1 Cr1 Cu1 Fe1 Ni1,FCC+BCC,CAST,other,20.0,,7.1,476.0,C,600.0,561.0,1004.0,,,,,,,
64,Al1 Co1 Cr1 Cu1 Fe1 Ni1,FCC+BCC,CAST,other,20.0,,7.1,476.0,C,700.0,307.0,1004.0,,,,,,,
64,Al1 Co1 Cr1 Cu1 Fe1 Ni1,FCC+BCC,CAST,other,20.0,,7.1,476.0,C,800.0,172.0,1004.0,,,,,,,
64,Al1 Co1 Cr1 Cu1 Fe1 Ni1,FCC+BCC,CAST,other,20.0,,7.1,476.0,C,900.0,98.0,1004.0,,,,,,,
65,Al1 Cr1 Mo1 Nb1 Ti1,BCC,CAST,BCC,20.0,,6.6,476.0,C,25.0,822.0,1004.0,,,,170.0,92.0,,
65,Al1 Cr1 Mo1 Nb1 Ti1,BCC,CAST,BCC,20.0,,6.6,476.0,C,400.0,1080.0,1100.0,2.0,,,170.0,92.0,,
65,Al1 Cr1 Mo1 Nb1 Ti1,BCC,CAST,BCC,20.0,,6.6,476.0,C,600.0,1060.0,1170.0,3.0,,,170.0,92.0,,
65,Al1 Cr1 Mo1 Nb1 Ti1,BCC,CAST,BCC,20.0,,6.6,476.0,C,800.0,860.0,1000.0,2.0,,,170.0,92.0,,
65,Al1 Cr1 Mo1 Nb1 Ti1,BCC,CAST,BCC,20.0,,6.6,476.0,C,1000.0,594.0,630.0,15.0,,,170.0,92.0,,
65,Al1 Cr1 Mo1 Nb1 Ti1,BCC,CAST,BCC,20.0,,6.6,476.0,C,1200.0,105.0,116.0,24.0,,,170.0,92.0,,
67,Al1 Cr1 Mo1 Nb1 Ti1,BCC,ANNEAL,BCC,20.0,,6.6,476.0,C,600.0,930.0,1004.0,,,,170.0,92.0,,
67,Al1 Cr1 Mo1 Nb1 Ti1,BCC,ANNEAL,BCC,20.0,,6.6,476.0,C,800.0,875.0,1004.0,,,,170.0,,,
67,Al1 Cr1 Mo1 Nb1 Ti1,BCC,ANNEAL,BCC,20.0,,6.6,476.0,C,1000.0,550.0,1004.0,,,,170.0,,,
67,Al1 Cr1 Mo1 Nb1 Ti1,BCC,ANNEAL,BCC,20.0,,6.6,476.0,C,1200.0,150.0,1004.0,,,,170.0,,,
67,Al1 Cr1 Mo1 Ti1,BCC,ANNEAL,BCC,20.0,,6.0,476.0,C,400.0,1070.0,1004.0,,,,189.0,,,
67,Al1 Cr1 Mo1 Ti1,BCC,ANNEAL,BCC,20.0,,6.0,476.0,C,600.0,1020.0,1004.0,,,,189.0,,,
67,Al1 Cr1 Mo1 Ti1,BCC,ANNEAL,BCC,20.0,,6.0,476.0,C,800.0,875.0,1004.0,,,,189.0,,,
67,Al1 Cr1 Mo1 Ti1,BCC,ANNEAL,BCC,20.0,,6.0,476.0,C,1000.0,375.0,1004.0,,,,189.0,,,
67,Al1 Cr1 Mo1 Ti1,BCC,ANNEAL,BCC,20.0,,6.0,476.0,C,1200.0,100.0,1004.0,,,,189.0,,,
67,Al1 Mo1 Nb1 Ti1,BCC,ANNEAL,BCC,20.0,,6.5,476.0,C,600.0,520.0,1004.0,,,,151.0,,,
67,Al1 Mo1 Nb1 Ti1,BCC,ANNEAL,BCC,20.0,,6.5,476.0,C,800.0,500.0,1004.0,,,,151.0,,,
67,Al1 Mo1 Nb1 Ti1,BCC,ANNEAL,BCC,20.0,,6.5,476.0,C,1000.0,540.0,1004.0,,,,151.0,,,
67,Al1 Mo1 Nb1 Ti1,BCC,ANNEAL,BCC,20.0,,6.5,476.0,C,1200.0,200.0,1004.0,,,,151.0,,,
68,Al1 Nb1 Ti1 V1,B2,ANNEAL,other,20.0,,5.5,476.0,C,600.0,780.0,1005.0,,,,,,,
68,Al1 Nb1 Ti1 V1,B2,ANNEAL,other,20.0,,5.5,476.0,C,800.0,560.0,700.0,,,,,,,
68,Al1 Nb1 Ti1 V1,B2,ANNEAL,other,20.0,,5.5,476.0,C,25.0,1000.0,1280.0,,,,,,,
68,Al1 Nb1 Ti1 V1 Zr1,B2+Laves+Sec.,ANNEAL,other,20.0,,5.8,476.0,C,600.0,1155.0,1385.0,,,,,,,
68,Al1 Nb1 Ti1 V1 Zr1,B2+Laves+Sec.,ANNEAL,other,20.0,,5.8,476.0,C,800.0,550.0,600.0,,,,,,,
68,Al1 Nb1 Ti1 V1 Zr1,B2+Laves+Sec.,ANNEAL,other,20.0,,5.8,476.0,C,25.0,1500.0,1675.0,,,,,,,
68,Al1 Nb1 Ti1 V1 Zr0.1,B2+Sec.,ANNEAL,other,20.0,,5.5,476.0,C,600.0,975.0,1085.0,,,,,,,
68,Al1 Nb1 Ti1 V1 Zr0.1,B2+Sec.,ANNEAL,other,20.0,,5.5,476.0,C,800.0,865.0,920.0,,,,,,,
68,Al1 Nb1 Ti1 V1 Zr0.1,B2+Sec.,ANNEAL,other,20.0,,5.5,476.0,C,25.0,1290.0,1395.0,,,,,,,
68,Al1 Nb1 Ti1 V1 Zr0.25,B2+Sec.,ANNEAL,other,20.0,,5.6,476.0,C,600.0,1065.0,1260.0,,,,,,,
68,Al1 Nb1 Ti1 V1 Zr0.25,B2+Sec.,ANNEAL,other,20.0,,5.6,476.0,C,800.0,855.0,865.0,,,,,,,
68,Al1 Nb1 Ti1 V1 Zr0.25,B2+Sec.,ANNEAL,other,20.0,,5.6,476.0,C,25.0,1360.0,1480.0,,,,,,,
68,Al1 Nb1 Ti1 V1 Zr0.5,B2+Laves+Sec.,ANNEAL,other,20.0,,5.6,476.0,C,600.0,1135.0,1425.0,,,,,,,
68,Al1 Nb1 Ti1 V1 Zr0.5,B2+Laves+Sec.,ANNEAL,other,20.0,,5.6,476.0,C,800.0,675.0,740.0,,,,,,,
68,Al1 Nb1 Ti1 V1 Zr0.5,B2+Laves+Sec.,ANNEAL,other,20.0,,5.6,476.0,C,25.0,1485.0,1004.0,,,,,,,
68,Al0.667 Nb0.667 Ti0.667 V0.667 Zr1,B2+Laves+Sec.,ANNEAL,other,20.0,,5.8,476.0,C,600.0,1195.0,1195.0,,,,,,,
68,Al0.667 Nb0.667 Ti0.667 V0.667 Zr1,B2+Laves+Sec.,ANNEAL,other,20.0,,5.8,476.0,C,800.0,180.0,395.0,,,,,,,
68,Al0.667 Nb0.667 Ti0.667 V0.667 Zr1,B2+Laves+Sec.,ANNEAL,other,20.0,,5.8,476.0,C,25.0,1535.0,1550.0,,,,,,,
69,Co1 Cr1 Mo1 Nb1,BCC+Laves,CAST,other,20.0,,8.8,476.0,C,25.0,822.0,1419.6,,,,,,,
69,Co1 Cr1 Mo1 Nb1 Ti1,BCC+Laves,CAST,other,20.0,,7.8,476.0,C,25.0,822.0,1096.8,,,,,,,
69,Co1 Cr1 Mo1 Nb1 Ti0.2,BCC+Laves,CAST,other,20.0,,8.5,476.0,C,25.0,822.0,1905.6,,,,,,,
69,Co1 Cr1 Mo1 Nb1 Ti0.4,BCC,CAST,BCC,20.0,,8.3,476.0,C,25.0,822.0,1771.3,,,,212.0,,,
69,Co1 Cr1 Mo1 Nb1 Ti0.5,BCC+Laves,CAST,other,20.0,,8.2,476.0,C,25.0,822.0,1609.2,,,,,,,
70,Cr1 Hf1 Nb1 Ti1 Zr1,BCC+Laves,ANNEAL,other,20.0,,8.2,476.0,C,25.0,1457.0,1908.0,,,,,,,
70,Cr1 Hf1 Nb1 Ti1 Zr1,BCC+Laves,ANNEAL,other,20.0,,8.2,476.0,C,25.0,1420.0,1885.0,4.2,,,,,,
70,Cr1 Hf1 Nb1 Ti1 Zr1,BCC+Laves,ANNEAL,other,20.0,,8.2,476.0,C,25.0,1328.0,1884.0,,,,,,,
70,Cr1 Hf1 Nb1 Ti1 Zr1,BCC+Laves,ANNEAL,other,20.0,,8.2,476.0,C,25.0,1322.0,1726.0,,,,,,,
70,Cr1 Hf1 Nb1 Ti1 Zr1,BCC+Laves,CAST,other,20.0,,8.2,476.0,C,25.0,1375.0,2130.0,3.0,,,,,,
70,Hf1 Nb1 Ti1 V1 Zr1,BCC+Laves,ANNEAL,other,20.0,,8.1,476.0,C,25.0,1157.0,1468.0,,,,,,,
70,Hf1 Nb1 Ti1 V1 Zr1,BCC,ANNEAL,BCC,20.0,,8.1,476.0,C,25.0,1253.0,1393.0,,,,95.0,,,
70,Hf1 Nb1 Ti1 V1 Zr1,BCC,ANNEAL,BCC,20.0,,8.1,476.0,C,25.0,1140.0,1463.0,,,,95.0,,,
70,Hf1 Nb1 Ti1 V1 Zr1,BCC,ANNEAL,BCC,20.0,,8.1,476.0,C,25.0,1120.0,1376.0,30.0,,,95.0,,,
70,Hf1 Nb1 Ti1 V1 Zr1,BCC+Laves,CAST,other,20.0,,8.1,476.0,C,25.0,1170.0,1463.0,29.6,,,,,,
71,Cr1 Ta1 Ti0.17 V1 W1,BCC+Laves,POWDER,other,20.0,,12.6,715.0,C,25.0,2034.0,1004.0,1.5,,,,,,
71,Cr1 Ta1 Ti0.17 V1 W1,BCC+Laves,POWDER,other,20.0,,12.6,476.0,C,1200.0,750.0,1004.0,1.5,,,,,,
71,Cr1 Ta1 Ti0.3 V1 W1,BCC+Laves,POWDER,other,20.0,,12.3,780.0,C,25.0,2050.0,1004.0,1.5,,,,,,
71,Cr1 Ta1 Ti0.3 V1 W1,BCC+Laves,POWDER,other,20.0,,12.3,476.0,C,1200.0,586.0,1004.0,1.5,,,,,,
71,Cr1 Ta1 V1 W1,BCC+Laves,POWDER,other,20.0,,13.0,715.0,C,25.0,2327.0,1004.0,1.5,,,,,,
71,Cr1 Ta1 V1 W1,BCC+Laves,POWDER,other,20.0,,13.0,476.0,C,1200.0,979.0,1004.0,1.5,,,,,,
72,Hf0.26 Nb1 Ta1 Ti0.578 Zr0.416,BCC,CAST,BCC,20.0,,10.4,476.0,C,60.0,795.0,1004.0,,,,122.0,,,
72,Hf0.26 Nb1 Ta1 Ti0.578 Zr0.416,BCC,CAST,BCC,20.0,,10.4,476.0,C,100.0,765.0,1004.0,,,,122.0,,,
72,Hf0.26 Nb1 Ta1 Ti0.578 Zr0.416,BCC,CAST,BCC,20.0,,10.4,476.0,C,200.0,650.0,1004.0,,,,122.0,,,
72,Hf0.26 Nb1 Ta1 Ti0.578 Zr0.416,BCC,CAST,BCC,20.0,,10.4,476.0,C,300.0,590.0,1004.0,,,,122.0,,,
72,Hf0.26 Nb1 Ta1 Ti0.578 Zr0.416,BCC,CAST,BCC,20.0,,10.4,476.0,C,25.0,845.0,1004.0,,,,122.0,,,
73,Hf0.5 Mo0.5 Nb1 Si0.1 Ti1 Zr1,BCC+Sec.,CAST,other,20.0,,7.7,442.0,C,25.0,1350.0,2150.0,,28.0,,,,,
73,Hf0.5 Mo0.5 Nb1 Si0.3 Ti1 Zr1,BCC+Sec.,CAST,other,20.0,,7.5,494.0,C,25.0,1370.0,1950.0,,23.0,,,,,
73,Hf0.5 Mo0.5 Nb1 Si0.5 Ti1 Zr1,BCC+Sec.,CAST,other,20.0,,7.2,524.0,C,25.0,1600.0,1900.0,,23.0,,,,,
73,Hf0.5 Mo0.5 Nb1 Si0.7 Ti1 Zr1,BCC+Sec.,CAST,other,20.0,,7.0,580.0,C,25.0,1550.0,1900.0,,12.0,,,,,
73,Hf0.5 Mo0.5 Nb1 Si0.9 Ti1 Zr1,BCC+Sec.,CAST,other,20.0,,6.8,640.0,C,25.0,1650.0,2000.0,,9.0,,,,,
73,Hf0.5 Mo0.5 Nb1 Ti1 Zr1,BCC+Sec.,CAST,other,20.0,,7.9,400.0,C,25.0,1150.0,1500.0,,25.0,,,,,
74,Hf0.5 Nb0.667 Ta0.333 Ti1 Zr0.833,BCC,WROUGHT,BCC,20.0,,8.4,476.0,C,-268.8,2250.0,1004.0,,,,100.0,,,
74,Hf0.5 Nb0.667 Ta0.333 Ti1 Zr0.833,BCC,WROUGHT,BCC,20.0,,8.4,476.0,C,-268.8,2210.0,1004.0,,,,100.0,,,
74,Hf0.5 Nb0.667 Ta0.333 Ti1 Zr0.833,BCC,WROUGHT,BCC,20.0,,8.4,476.0,C,-196.0,1880.0,1004.0,,,,100.0,,,
74,Hf0.5 Nb0.667 Ta0.333 Ti1 Zr0.833,BCC,WROUGHT,BCC,20.0,,8.4,476.0,C,-196.0,1750.0,1004.0,,,,100.0,,,
74,Hf0.5 Nb0.667 Ta0.333 Ti1 Zr0.833,BCC,WROUGHT,BCC,20.0,,8.4,476.0,C,-153.0,1640.0,1004.0,,,,100.0,,,
74,Hf0.5 Nb0.667 Ta0.333 Ti1 Zr0.833,BCC,WROUGHT,BCC,20.0,,8.4,476.0,C,-153.0,1550.0,1004.0,,,,100.0,,,
74,Hf0.5 Nb0.667 Ta0.333 Ti1 Zr0.833,BCC,WROUGHT,BCC,20.0,,8.4,476.0,C,-103.0,1380.0,1004.0,,,,100.0,,,
74,Hf0.5 Nb0.667 Ta0.333 Ti1 Zr0.833,BCC,WROUGHT,BCC,20.0,,8.4,476.0,C,-103.0,1370.0,1004.0,,,,100.0,,,
74,Hf0.5 Nb0.667 Ta0.333 Ti1 Zr0.833,BCC,WROUGHT,BCC,20.0,,8.4,476.0,C,-43.0,1200.0,1004.0,,,,100.0,,,
74,Hf0.5 Nb0.667 Ta0.333 Ti1 Zr0.833,BCC,WROUGHT,BCC,20.0,,8.4,476.0,C,-43.0,1180.0,1004.0,,,,100.0,,,
74,Hf0.5 Nb0.667 Ta0.333 Ti1 Zr0.833,BCC,WROUGHT,BCC,20.0,,8.4,476.0,C,72.0,1040.0,1004.0,,,,100.0,,,
74,Hf0.5 Nb0.667 Ta0.333 Ti1 Zr0.833,BCC,WROUGHT,BCC,20.0,,8.4,476.0,C,72.0,1020.0,1004.0,,,,100.0,,,
74,Hf0.5 Nb0.667 Ta0.333 Ti1 Zr0.833,BCC,WROUGHT,BCC,20.0,,8.4,476.0,C,25.0,1150.0,1004.0,,,,100.0,,,
74,Hf0.5 Nb0.667 Ta0.333 Ti1 Zr0.833,BCC,WROUGHT,BCC,20.0,,8.4,476.0,C,25.0,1100.0,1004.0,,,,100.0,,,
74,Hf0.5 Nb0.667 Ta0.333 Ti1 Zr0.833,BCC,WROUGHT,BCC,20.0,,8.4,476.0,C,-268.8,2390.0,1004.0,,,,100.0,,,
74,Hf0.5 Nb0.667 Ta0.333 Ti1 Zr0.833,BCC,WROUGHT,BCC,20.0,,8.4,476.0,C,-196.0,1920.0,1004.0,,,,100.0,,,
74,Hf0.5 Nb0.667 Ta0.333 Ti1 Zr0.833,BCC,WROUGHT,BCC,20.0,,8.4,476.0,C,-153.0,1370.0,1004.0,,,,100.0,,,
74,Hf0.5 Nb0.667 Ta0.333 Ti1 Zr0.833,BCC,WROUGHT,BCC,20.0,,8.4,476.0,C,-103.0,1250.0,1004.0,,,,100.0,,,
74,Hf0.5 Nb0.667 Ta0.333 Ti1 Zr0.833,BCC,WROUGHT,BCC,20.0,,8.4,476.0,C,-43.0,1020.0,1004.0,,,,100.0,,,
74,Hf0.5 Nb0.667 Ta0.333 Ti1 Zr0.833,BCC,WROUGHT,BCC,20.0,,8.4,476.0,C,72.0,640.0,1004.0,,,,100.0,,,
74,Hf0.5 Nb0.667 Ta0.333 Ti1 Zr0.833,BCC,WROUGHT,BCC,20.0,,8.4,476.0,C,25.0,890.0,1004.0,,,,100.0,,,
75,Hf1 Mo0.5 Nb1 Si0.3 Ti1 V0.5,BCC+Sec.,CAST,other,20.0,,8.5,476.0,C,1000.0,398.0,430.0,,,,,,,
75,Hf1 Mo0.5 Nb1 Si0.3 Ti1 V0.5,BCC+Sec.,CAST,other,20.0,,8.5,476.0,C,25.0,1617.0,2016.0,,,,,,,
75,Hf1 Mo0.5 Nb1 Si0.3 Ti1 V0.5,BCC+Sec.,CAST,other,20.0,,8.5,476.0,C,1200.0,166.0,187.0,,,,,,,
75,Hf1 Mo0.5 Nb1 Si0.5 Ti1 V0.5,BCC+Sec.,CAST,other,20.0,,8.2,476.0,C,1000.0,614.0,696.0,,,,,,,
75,Hf1 Mo0.5 Nb1 Si0.5 Ti1 V0.5,BCC+Sec.,CAST,other,20.0,,8.2,476.0,C,25.0,1787.0,2052.0,,,,,,,
75,Hf1 Mo0.5 Nb1 Si0.5 Ti1 V0.5,BCC+Sec.,CAST,other,20.0,,8.2,476.0,C,1200.0,188.0,219.0,,,,,,,
75,Hf1 Mo0.5 Nb1 Si0.7 Ti1 V0.5,BCC+Sec.,CAST,other,20.0,,7.9,476.0,C,1000.0,673.0,741.0,,,,,,,
75,Hf1 Mo0.5 Nb1 Si0.7 Ti1 V0.5,BCC+Sec.,CAST,other,20.0,,7.9,476.0,C,25.0,2134.0,2242.0,,,,,,,
75,Hf1 Mo0.5 Nb1 Si0.7 Ti1 V0.5,BCC+Sec.,CAST,other,20.0,,7.9,476.0,C,1200.0,235.0,268.0,,,,,,,
75,Hf1 Mo0.5 Nb1 Ti1 V0.5,BCC,CAST,BCC,20.0,,9.0,476.0,C,1000.0,368.0,394.0,,,,126.0,,,
75,Hf1 Mo0.5 Nb1 Ti1 V0.5,BCC,CAST,BCC,20.0,,9.0,476.0,C,1200.0,60.0,1004.0,,,,126.0,,,
75,Hf1 Mo0.5 Nb1 Ti1 V0.5,BCC,CAST,BCC,20.0,,9.0,476.0,C,25.0,1260.0,1004.0,,,,126.0,,,
76,Hf0.787 Nb0.142 Ta0.142 Ti1 Zr0.787,BCC,WROUGHT,BCC,20.0,,8.5,476.0,T,25.0,540.0,995.0,,,,92.0,,,
77,Al0.25 Nb1 Ta1 Ti1 Zr1,BCC+B2,OTHER,other,20.0,,8.6,476.0,C,1000.0,366.0,408.0,,,,,,,
77,Al0.25 Nb1 Ta1 Ti1 Zr1,BCC+B2,OTHER,other,20.0,,8.6,476.0,C,25.0,1745.0,1830.0,,,,,,,
77,Al0.5 Mo0.5 Nb1 Ta0.5 Ti1 Zr1,BCC+B2,OTHER,other,20.0,,7.6,476.0,C,1000.0,579.0,646.0,,,,,,,
77,Al0.5 Mo0.5 Nb1 Ta0.5 Ti1 Zr1,BCC+B2,OTHER,other,20.0,,7.6,476.0,C,25.0,2350.0,2460.0,,,,,,,
77,Al1 Mo0.5 Nb1 Ta0.5 Ti1 Zr1,BCC+B2,OTHER,other,20.0,,7.1,476.0,C,25.0,2197.0,2370.0,,,,,,,
77,Al1 Mo0.5 Nb1 Ta0.5 Ti1 Zr0.5,B2,OTHER,other,20.0,,7.2,476.0,C,1000.0,935.0,1019.0,,,,,,,
77,Al1 Mo0.5 Nb1 Ta0.5 Ti1 Zr0.5,B2,OTHER,other,20.0,,7.2,476.0,C,25.0,822.0,1320.0,,,,,,,
77,Al1 Nb1 Ta0.5 Ti1 Zr0.5,B2,OTHER,other,20.0,,6.9,476.0,C,1000.0,535.0,542.0,,,,,,,
77,Al1 Nb1 Ta0.5 Ti1 Zr0.5,B2,OTHER,other,20.0,,6.9,476.0,C,25.0,1352.0,1357.0,,,,,,,
78,Hf1 Nb1 Si0.5 Ti1 V1 Zr1,BCC+Laves+Sec.,ANNEAL,other,20.0,,7.5,476.0,C,400.0,1273.0,1335.0,14.5,,,,,,
78,Hf1 Nb1 Si0.5 Ti1 V1 Zr1,BCC+Laves+Sec.,ANNEAL,other,20.0,,7.5,476.0,C,600.0,597.0,651.0,50.0,,,,,,
78,Hf1 Nb1 Si0.5 Ti1 V1 Zr1,BCC+Laves+Sec.,ANNEAL,other,20.0,,7.5,476.0,C,800.0,102.0,107.0,50.0,,,,,,
78,Hf1 Nb1 Si0.5 Ti1 V1 Zr1,BCC+Laves+Sec.,ANNEAL,other,20.0,,7.5,476.0,C,25.0,1483.0,1611.0,9.5,,,,,,
78,Hf1 Nb1 Si0.5 Ti1 V1 Zr1,BCC+Laves+Sec.,CAST,other,20.0,,7.5,476.0,C,600.0,920.0,1252.0,50.0,,,,,,
78,Hf1 Nb1 Si0.5 Ti1 V1 Zr1,BCC+Laves+Sec.,CAST,other,20.0,,7.5,476.0,C,800.0,371.0,427.0,50.0,,,,,,
78,Hf1 Nb1 Si0.5 Ti1 V1 Zr1,BCC+Laves+Sec.,CAST,other,20.0,,7.5,476.0,C,25.0,1540.0,1643.0,16.8,,,,,,
79,Hf1 Nb1 Ta1 Ti1 Zr1,BCC,OTHER,BCC,0.05,,9.9,420.0,T,25.0,1900.0,1004.0,7.9,,,107.0,,,
79,Hf1 Nb1 Ta1 Ti1 Zr1,BCC+HCP,OTHER,other,0.05,,9.9,530.0,T,25.0,1520.0,1004.0,1.7,,,,,,
79,Hf1 Nb1 Ta1 Ti1 Zr1,BCC+BCC+HCP,OTHER,other,0.1,,9.9,340.0,T,25.0,795.0,1004.0,5.0,,,,,,
79,Hf1 Nb1 Ta1 Ti1 Zr1,BCC,WROUGHT,BCC,100.0,,9.9,309.0,T,25.0,830.0,840.0,9.2,,,107.0,,,
80,Hf1 Nb1 Ta1 Ti1 Zr1,BCC,WROUGHT,BCC,20.0,,9.9,366.0,T,25.0,1202.0,1295.0,4.7,,,107.0,,,
80,Hf1 Nb1 Ta1 Ti1 Zr1,BCC+BCC,WROUGHT,other,20.0,,9.9,476.0,T,25.0,1303.0,1334.0,,,,,,,
80,Hf1 Nb1 Ta1 Ti1 Zr1,BCC,WROUGHT,BCC,20.0,,9.9,351.0,T,25.0,1145.0,1262.0,9.7,,,107.0,,,
81,Hf1 Nb1 Ta1 Ti1 Zr1,BCC,WROUGHT,BCC,20.0,,9.9,476.0,T,25.0,958.0,974.0,,,,107.0,,,
81,Hf1 Nb1 Ta1 Ti1 Zr1,BCC,WROUGHT,BCC,20.0,,9.9,476.0,T,25.0,944.0,959.0,,,,107.0,,,
81,Hf1 Nb1 Ta1 Ti1 Zr1,BCC,WROUGHT,BCC,20.0,,9.9,476.0,T,25.0,940.0,953.0,,,,107.0,,,
82,Hf1 Nb1 Ta1 Ti1 Zr1,BCC,WROUGHT,BCC,20.0,,9.9,476.0,T,25.0,940.0,1080.0,,,,107.0,,,
83,Hf1 Nb1 Ta1 Ti1 Zr1,BCC,CAST,BCC,20.0,,9.9,476.0,C,25.0,905.0,1004.0,,,,107.0,,,
84,Hf1 Nb1 Ta1 Ti1 Zr1,BCC,CAST,BCC,20.0,,9.9,476.0,C,25.0,890.0,1004.0,,,,107.0,,,
85,Hf1 Nb1 Ta1 Ti1 Zr1,BCC,CAST,BCC,20.0,,9.9,476.0,T,25.0,828.0,862.0,,,,107.0,,,
85,Hf1 Nb1 Ta1 Ti1 Zr1,BCC,CAST,BCC,20.0,,9.9,476.0,T,25.0,827.0,856.0,,,,107.0,,,
85,Hf1 Nb1 Ta1 Ti1 Zr1,BCC,CAST,BCC,20.0,,9.9,476.0,T,25.0,820.0,869.0,,,,107.0,,,
85,Hf1 Nb1 Ta1 Ti1 Zr1,BCC,CAST,BCC,20.0,,9.9,476.0,T,25.0,803.0,810.0,,,,107.0,,,
86,Al0.2 Mo1 Ta1 Ti1 V1,BCC,CAST,BCC,20.0,,9.3,476.0,C,25.0,1021.0,1249.0,,,,183.0,,,
86,Al0.6 Mo1 Ta1 Ti1 V1,BCC,CAST,BCC,20.0,,8.7,476.0,C,25.0,962.0,1033.0,,,,173.0,,,
86,Al1 Mo1 Ta1 Ti1 V1,BCC,CAST,BCC,20.0,,8.2,476.0,C,25.0,822.0,735.0,,,,165.0,,,
86,Mo1 Ta1 Ti1 V1,BCC,CAST,BCC,20.0,,9.6,476.0,C,25.0,1221.0,1454.0,,,,189.0,,,
87,Hf1 Nb1 Ta1 Zr1,BCC+HCP,ANNEAL,other,20.0,,11.1,571.0,C,25.0,2310.0,1004.0,0.3,,,,,,
87,Hf1 Nb1 Ta1 Zr1,BCC+HCP,ANNEAL,other,20.0,,11.1,536.0,C,25.0,2100.0,2200.0,3.5,,,,,,
87,Hf1 Nb1 Ta1 Zr1,BCC+HCP,ANNEAL,other,20.0,,11.1,476.0,C,25.0,2020.0,2030.0,1.7,,,,,,
87,Hf1 Nb1 Ta1 Zr1,BCC+HCP,ANNEAL,other,20.0,,11.1,550.0,C,25.0,1950.0,2010.0,2.2,,,,,,
87,Hf1 Nb1 Ta1 Zr1,BCC,CAST,BCC,20.0,,11.1,365.0,C,25.0,1315.0,1800.0,21.6,,,105.0,,,
88,Hf1 Ta0.4 Ti1 Zr1,BCC+HCP,CAST,other,20.0,,9.2,476.0,T,25.0,400.0,1100.0,,,,,,,
88,Hf1 Ta0.5 Ti1 Zr1,BCC+HCP,CAST,other,20.0,,9.4,476.0,T,25.0,700.0,1100.0,,,,,,,
88,Hf1 Ta0.6 Ti1 Zr1,BCC+HCP,CAST,other,20.0,,9.6,476.0,T,25.0,800.0,1100.0,,,,,,,
88,Hf1 Ta1 Ti1 Zr1,BCC,CAST,BCC,20.0,,10.2,476.0,T,25.0,1500.0,1500.0,,,,107.0,,,
89,Mo1 Nb1 Ta1 Ti0.25 W1,BCC,CAST,BCC,20.0,,13.1,478.3,C,25.0,1109.0,1197.0,,,,242.0,,,
89,Mo1 Nb1 Ta1 Ti0.5 W1,BCC,CAST,BCC,20.0,,12.6,481.2,C,25.0,1211.0,1578.0,,,,234.0,,,
89,Mo1 Nb1 Ta1 Ti0.75 W1,BCC,CAST,BCC,20.0,,12.2,495.6,C,25.0,1304.0,1593.0,,,,228.0,,,
89,Mo1 Nb1 Ta1 Ti1 W1,BCC,CAST,BCC,20.0,,11.8,507.5,C,25.0,1455.0,1910.0,,,,222.0,,,
89,Mo1 Nb1 Ta1 W1,BCC,CAST,BCC,20.0,,13.7,476.0,C,25.0,996.0,1148.0,,,,250.0,,,
90,Mo1 Nb1 Ta1 Ti1 V1,BCC,CAST,BCC,20.0,,9.4,476.0,C,25.0,1400.0,2450.0,,,,171.0,,,
91,Mo1 Nb1 Ta1 Ti1 V1 W1,BCC,CAST,BCC,20.0,,11.0,476.0,C,600.0,973.0,1590.0,,,,209.0,,,
91,Mo1 Nb1 Ta1 Ti1 V1 W1,BCC,CAST,BCC,20.0,,11.0,476.0,C,800.0,791.3,1180.0,,,,209.0,,,
91,Mo1 Nb1 Ta1 Ti1 V1 W1,BCC,CAST,BCC,20.0,,11.0,476.0,C,1000.0,752.8,1105.0,,,,209.0,,,
91,Mo1 Nb1 Ta1 Ti1 V1 W1,BCC,CAST,BCC,20.0,,11.0,476.0,C,1200.0,659.0,696.0,,,,209.0,,,
91,Mo1 Nb1 Ta1 Ti1 V1 W1,BCC,CAST,BCC,20.0,,11.0,476.0,C,25.0,1515.0,2135.0,,,,209.0,,,
91,Mo1 Nb1 Ta1 Ti1 W1,BCC,CAST,BCC,20.0,,11.8,476.0,C,600.0,689.0,1681.0,,,,222.0,,,
91,Mo1 Nb1 Ta1 Ti1 W1,BCC,CAST,BCC,20.0,,11.8,476.0,C,800.0,674.0,1618.0,,,,222.0,,,
91,Mo1 Nb1 Ta1 Ti1 W1,BCC,CAST,BCC,20.0,,11.8,476.0,C,1000.0,620.0,1426.0,,,,222.0,,,
91,Mo1 Nb1 Ta1 Ti1 W1,BCC,CAST,BCC,20.0,,11.8,476.0,C,1200.0,586.0,814.0,,,,222.0,,,
91,Mo1 Nb1 Ta1 Ti1 W1,BCC,CAST,BCC,20.0,,11.8,476.0,C,25.0,1343.0,2005.0,,,,222.0,,,
92,Mo1 Nb1 Ta1 Ti1 Zr1,BCC+BCC,CAST,other,20.0,,9.1,476.0,C,25.0,1390.0,1004.0,,,,,,,
93,Mo1 Nb1 Ta1 Ti1 Zr1,BCC+BCC,ANNEAL,other,20.0,,9.1,476.0,C,25.0,1100.0,1200.0,,,,,,,
93,Mo1 Nb1 Ta1 Ti1 Zr1,BCC+BCC,CAST,other,20.0,,9.1,476.0,C,25.0,1375.0,1450.0,,,,,,,
94,Mo1 Nb1 Ta1 V1 W1,BCC,POWDER,BCC,20.0,,12.4,476.0,C,25.0,2612.0,3472.0,,,,229.0,,,
95,Nb1 Ta1 Ti1 V1,BCC,CAST,BCC,20.0,,9.2,476.0,C,25.0,965.0,1004.0,,,,134.0,,,
95,Nb1 Ta1 Ti1 V1 W1,BCC,CAST,BCC,20.0,,11.1,476.0,C,25.0,1420.0,1800.0,20.0,,,187.0,,,
95,Nb1 Ta1 V1 W1,BCC,CAST,BCC,20.0,,12.9,476.0,C,25.0,1530.0,1700.0,12.0,,,206.0,,,
96,Al0.25 Cr0.5 Nb0.5 Ti1 V0.25,BCC+Laves,ANNEAL,other,20.0,,5.8,476.0,C,600.0,930.0,1004.0,,,,,,,
96,Al0.25 Cr0.5 Nb0.5 Ti1 V0.25,BCC+Laves,ANNEAL,other,20.0,,5.8,476.0,C,800.0,445.0,1004.0,,,,,,,
96,Al0.25 Cr0.5 Nb0.5 Ti1 V0.25,BCC+Laves,ANNEAL,other,20.0,,5.8,476.0,C,1000.0,90.0,1004.0,,,,,,,
96,Al0.25 Cr0.5 Nb0.5 Ti1 V0.25,BCC+Laves,ANNEAL,other,20.0,,5.8,476.0,C,25.0,1340.0,1700.0,,,,,,,
96,Al0.25 Cr0.5 Nb0.5 Ti1 V0.25,BCC,CAST,BCC,20.0,,5.8,476.0,C,25.0,1240.0,1004.0,,,,134.0,,,
97,Al1 Cr0.5 Nb1 Ti1 V1,BCC,ANNEAL,BCC,20.0,,5.6,476.0,C,600.0,1005.0,1045.0,,,,119.0,,,
97,Al1 Cr0.5 Nb1 Ti1 V1,BCC,ANNEAL,BCC,20.0,,5.6,476.0,C,800.0,640.0,685.0,,,,119.0,,,
97,Al1 Cr0.5 Nb1 Ti1 V1,BCC,ANNEAL,BCC,20.0,,5.6,476.0,C,1000.0,40.0,80.0,,,,119.0,,,
97,Al1 Cr0.5 Nb1 Ti1 V1,BCC,ANNEAL,BCC,20.0,,5.6,476.0,C,25.0,1300.0,1430.0,,,,119.0,,,
97,Al0.667 Cr1 Nb0.667 Ti0.667 V0.667,BCC+Laves,ANNEAL,other,20.0,,5.9,476.0,C,600.0,1370.0,1480.0,,,,,,,
97,Al0.667 Cr1 Nb0.667 Ti0.667 V0.667,BCC+Laves,ANNEAL,other,20.0,,5.9,476.0,C,800.0,970.0,1045.0,,,,,,,
97,Al0.667 Cr1 Nb0.667 Ti0.667 V0.667,BCC+Laves,ANNEAL,other,20.0,,5.9,476.0,C,1000.0,75.0,105.0,,,,,,,
97,Al0.667 Cr1 Nb0.667 Ti0.667 V0.667,BCC+Laves,ANNEAL,other,20.0,,5.9,476.0,C,25.0,1700.0,1700.0,,,,,,,
97,Al1 Cr1 Nb1 Ti1 V1,BCC+Laves,ANNEAL,other,20.0,,5.8,476.0,C,600.0,1015.0,1060.0,,,,,,,
97,Al1 Cr1 Nb1 Ti1 V1,BCC+Laves,ANNEAL,other,20.0,,5.8,476.0,C,800.0,860.0,895.0,,,,,,,
97,Al1 Cr1 Nb1 Ti1 V1,BCC+Laves,ANNEAL,other,20.0,,5.8,476.0,C,1000.0,65.0,95.0,,,,,,,
97,Al1 Cr1 Nb1 Ti1 V1,BCC+Laves,ANNEAL,other,20.0,,5.8,476.0,C,25.0,1550.0,1570.0,,,,,,,
97,Al1 Nb1 Ti1 V1,BCC,ANNEAL,BCC,20.0,,5.5,476.0,C,600.0,780.0,1005.0,,,,104.0,,,
97,Al1 Nb1 Ti1 V1,BCC,ANNEAL,BCC,20.0,,5.5,476.0,C,800.0,560.0,700.0,,,,104.0,,,
97,Al1 Nb1 Ti1 V1,BCC,ANNEAL,BCC,20.0,,5.5,476.0,C,1000.0,110.0,1004.0,,,,104.0,,,
97,Al1 Nb1 Ti1 V1,BCC,ANNEAL,BCC,20.0,,5.5,476.0,C,25.0,1000.0,1280.0,,,,104.0,,,
140,Al0.3 Co1 Cr1 Fe1 Ni1,FCC+B2+Sec.,WROUGHT,other,0.71,,7.6,476.0,T,25.0,900.0,1074.0,25.0,,,,,,
151,Cr0.5 Fe1 Mn0.625 Ni0.375,FCC+BCC,CAST,other,75.0,,7.8,476.0,C,25.0,219.0,1004.0,,,,,,,
151,Al0.05 Cr0.5 Fe1 Mn0.625 Ni0.375,FCC+BCC,CAST,other,20.0,,7.6,476.0,C,25.0,354.0,1004.0,,,,,,,
151,Al0.15 Cr0.5 Fe1 Mn0.625 Ni0.375,FCC+BCC,CAST,other,20.0,,7.4,476.0,C,25.0,550.0,1004.0,,,,,,,
151,Al0.25 Cr0.5 Fe1 Mn0.625 Ni0.375,B2+BCC,CAST,other,175.0,,7.2,476.0,C,25.0,994.0,1004.0,,,,,,,
151,Al0.35 Cr0.5 Fe1 Mn0.625 Ni0.375,B2+BCC,CAST,other,175.0,,6.9,476.0,C,25.0,942.0,1004.0,,,,,,,
151,Cr0.5 Fe1 Mn0.625 Ni0.375,FCC+BCC,CAST,other,20.0,,7.8,476.0,C,400.0,132.0,1004.0,,,,,,,
151,Al0.05 Cr0.5 Fe1 Mn0.625 Ni0.375,FCC+BCC,CAST,other,20.0,,7.6,476.0,C,400.0,260.0,1004.0,,,,,,,
151,Al0.15 Cr0.5 Fe1 Mn0.625 Ni0.375,FCC+BCC,CAST,other,20.0,,7.4,476.0,C,400.0,469.0,1004.0,,,,,,,
151,Al0.25 Cr0.5 Fe1 Mn0.625 Ni0.375,B2+BCC,CAST,other,20.0,,7.2,476.0,C,400.0,943.0,1004.0,,,,,,,
151,Al0.35 Cr0.5 Fe1 Mn0.625 Ni0.375,B2+BCC,CAST,other,20.0,,6.9,476.0,C,400.0,833.0,1004.0,,,,,,,
151,Cr0.5 Fe1 Mn0.625 Ni0.375,FCC+BCC,CAST,other,20.0,,7.8,476.0,C,600.0,115.0,1004.0,,,,,,,
151,Al0.05 Cr0.5 Fe1 Mn0.625 Ni0.375,FCC+BCC,CAST,other,20.0,,7.6,476.0,C,600.0,155.0,1004.0,,,,,,,
151,Al0.15 Cr0.5 Fe1 Mn0.625 Ni0.375,FCC+BCC,CAST,other,20.0,,7.4,476.0,C,600.0,272.0,1004.0,,,,,,,
151,Al0.25 Cr0.5 Fe1 Mn0.625 Ni0.375,B2+BCC,CAST,other,20.0,,7.2,476.0,C,600.0,359.0,1004.0,,,,,,,
151,Al0.35 Cr0.5 Fe1 Mn0.625 Ni0.375,B2+BCC,CAST,other,20.0,,6.9,476.0,C,600.0,326.0,1004.0,,,,,,,
198,Co1 Cr1 Fe1 Mn1 Ni1,FCC,WROUGHT,FCC,4.4,,8.0,476.0,T,25.0,370.0,670.0,56.0,,,220.0,,,
174,Co0.2 Cr0.2 Fe1 Mn0.6,FCC+HCP,ANNEAL,other,45.0,,7.8,476.0,T,25.0,250.0,730.0,50.0,,,,,,
174,Co0.2 Cr0.2 Fe1 Mn0.6,FCC+HCP,WROUGHT,other,4.5,,7.8,476.0,T,25.0,330.0,870.0,75.0,,,,,,
174,Co0.2 Cr0.2 Fe1 Mn0.6,FCC+HCP,WROUGHT,other,6.0,,7.8,476.0,T,25.0,280.0,800.0,65.0,,,,,,
174,Co0.2 Cr0.2 Fe1 Mn0.6,FCC+HCP,WROUGHT,other,15.0,,7.8,476.0,T,25.0,350.0,830.0,63.0,,,,,,
176,Co0.2 Cr0.2 Fe1 Mn0.6,FCC+HCP,WROUGHT,other,6.5,,7.8,476.0,T,25.0,298.0,1400.0,45.0,,,,,,
176,Co0.2 Cr0.2 Fe1 Mn0.6,FCC+HCP,WROUGHT,other,5.2,,7.8,476.0,T,25.0,400.0,1200.0,42.0,,,,,,
183,Al0.304 Co1 Cr1 Fe1 Ni1,FCC+B2,,other,0.7,,7.6,476.0,T,25.0,860.0,1050.0,48.0,,,,,,
183,Al0.304 Co1 Cr1 Fe1 Ni1,FCC+B2,,other,2.7,,7.6,476.0,T,25.0,690.0,930.0,51.0,,,,,,
183,Al0.304 Co1 Cr1 Fe1 Ni1,FCC+B2,,other,3.8,,7.6,476.0,T,25.0,550.0,800.0,64.0,,,,,,
183,Al0.304 Co1 Cr1 Fe1 Ni1,FCC,,FCC,53.0,,7.6,476.0,T,25.0,260.0,620.0,87.0,,,210.0,,,
183,Al0.304 Co1 Cr1 Fe1 Ni1,FCC+BCC,WROUGHT,other,20.0,,7.6,476.0,,,822.0,1004.0,,,,,,,
179,Al0.304 Co1 Cr1 Fe1 Ni1,FCC,WROUGHT,FCC,20.0,,7.6,476.0,,,822.0,1004.0,,,,210.0,,,
179,Al0.304 Co1 Cr1 Fe1 Ni1,FCC+L12,WROUGHT,other,20.0,,7.6,476.0,,,822.0,1004.0,,,,,,,
178,Al0.304 Co1 Cr1 Fe1 Ni1,FCC,WROUGHT,FCC,144.0,,7.6,476.0,T,25.0,159.0,410.0,65.0,,,210.0,,,
178,Al0.304 Co1 Cr1 Fe1 Ni1,FCC+B2,WROUGHT,other,144.0,,7.6,476.0,T,25.0,215.0,520.0,43.0,,,,,,
178,Al0.304 Co1 Cr1 Fe1 Ni1,FCC+L12,WROUGHT,other,144.0,,7.6,476.0,T,25.0,285.0,540.0,55.0,,,,,,
178,Al0.304 Co1 Cr1 Fe1 Ni1,FCC,WROUGHT,FCC,23.0,,7.6,476.0,T,25.0,263.0,589.0,60.0,,,210.0,,,
178,Al0.304 Co1 Cr1 Fe1 Ni1,FCC+L12+B2,WROUGHT,other,23.0,,7.6,476.0,T,25.0,490.0,840.0,45.0,,,,,,
184,Al0.304 Co1 Cr1 Fe1 Ni1,FCC+BCC,ANNEAL,other,20.0,,7.6,476.0,,,822.0,1004.0,,,,,,,
185,Al0.304 Co1 Cr1 Fe1 Ni1,FCC+L12,CAST,other,20.0,,7.6,476.0,T,25.0,175.0,335.0,58.0,,,,,,
185,Al0.304 Co1 Cr1 Fe1 Ni1,FCC+L12,ANNEAL,other,20.0,,7.6,476.0,T,25.0,305.0,525.0,44.0,,,,,,
185,Al0.304 Co1 Cr1 Fe1 Ni1,FCC+B2,ANNEAL,other,20.0,,7.6,476.0,T,25.0,280.0,570.0,44.0,,,,,,
186,Al0.304 Co1 Cr1 Fe1 Ni1,FCC,ANNEAL,FCC,20.0,,7.6,476.0,,,822.0,1004.0,,,,210.0,,,
187,Al0.304 Co1 Cr1 Fe1 Ni1,FCC+B2,ANNEAL,other,20.0,,7.6,476.0,,,822.0,1004.0,,,,,,,
190,Al1 Co1 Cr1 Fe1 Ni1,BCC+B2,CAST,other,20.0,,6.7,476.0,T,700.0,395.0,400.0,1.0,,,,,,
188,Al1 Co1 Cr1 Fe1 Ni1,BCC+B2,CAST,other,20.0,,6.7,476.0,C,25.0,1380.0,1004.0,10.0,,,,,,
188,Al1 Co1 Cr1 Fe1 Ni1,BCC+B2+FCC+Sec.,ANNEAL,other,20.0,,6.7,476.0,C,25.0,1430.0,1004.0,1.6,,,,,,
188,Al1 Co1 Cr1 Fe1 Ni1,BCC+B2+FCC,ANNEAL,other,20.0,,6.7,476.0,C,25.0,1690.0,1004.0,2.7,,,,,,
188,Al1 Co1 Cr1 Fe1 Ni1,BCC+B2+FCC,ANNEAL,other,20.0,,6.7,476.0,C,25.0,1220.0,1004.0,13.0,,,,,,
188,Al1 Co1 Cr1 Fe1 Ni1,BCC+B2+FCC,ANNEAL,other,20.0,,6.7,476.0,C,25.0,1450.0,1004.0,20.0,,,,,,
189,Al1 Co1 Cr1 Fe1 Ni1,FCC+BCC,ANNEAL,other,20.0,,6.7,476.0,T,25.0,900.0,935.0,0.8,,,,,,
191,Al0.515 Cr0.515 Fe1 Ni1,FCC+BCC+B2,CAST,other,20.0,,6.9,476.0,T,25.0,796.0,1437.0,15.7,,,,,,
192,Al0.511 Co0.511 Cr0.511 Fe0.511 Ni1,L12+B2,,other,20.0,,7.0,476.0,T,25.0,545.0,1030.0,16.5,,,,,,
192,Al0.465 Co0.465 Cr0.465 Fe0.465 Ni1,L12+B2,,other,20.0,,7.1,476.0,T,25.0,545.0,1050.0,16.5,,,,,,
192,Al0.451 Co0.451 Cr0.451 Fe0.451 Ni1,L12+B2,,other,20.0,,7.1,476.0,T,25.0,545.0,1110.0,20.0,,,,,,
192,Al0.511 Co0.511 Cr0.511 Fe0.511 Ni1,,,other,20.0,,7.0,476.0,T,-70.0,580.0,1034.0,10.5,,,,,,
192,Al0.465 Co0.465 Cr0.465 Fe0.465 Ni1,,,other,20.0,,7.1,476.0,T,-70.0,595.0,1168.0,15.8,,,,,,
192,Al0.451 Co0.451 Cr0.451 Fe0.451 Ni1,,,other,20.0,,7.1,476.0,T,-70.0,570.0,1143.0,18.0,,,,,,
192,Al0.511 Co0.511 Cr0.511 Fe0.511 Ni1,,,other,20.0,,7.0,476.0,T,-192.0,700.0,1000.0,4.0,,,,,,
192,Al0.465 Co0.465 Cr0.465 Fe0.465 Ni1,,,other,20.0,,7.1,476.0,T,-192.0,700.0,1000.0,7.0,,,,,,
192,Al0.451 Co0.451 Cr0.451 Fe0.451 Ni1,,,other,20.0,,7.1,476.0,T,-192.0,700.0,1000.0,9.0,,,,,,
195,Al0.343 Co0.514 Cr0.514 Fe1 Ni0.514,BCC+B2,CAST,other,20.0,,7.2,476.0,T,25.0,866.0,1223.0,7.9,,,,,,
195,Al0.343 Co0.514 Cr0.514 Fe1 Ni0.514,,CAST,other,20.0,,7.2,476.0,T,650.0,400.0,468.0,6.3,,,,,,
195,Al0.343 Co0.514 Cr0.514 Fe1 Ni0.514,,CAST,other,20.0,,7.2,476.0,T,700.0,220.0,340.0,5.4,,,,,,
195,Al0.343 Co0.514 Cr0.514 Fe1 Ni0.514,,CAST,other,20.0,,7.2,476.0,C,25.0,1166.0,1004.0,30.2,,,,,,
199,Co1 Cr0.429 Fe0.571 Mo0.286 Ni0.571,FCC,CAST,FCC,20.0,,8.6,476.0,T,25.0,350.0,720.0,21.9,,,234.0,,,
199,Co1 Cr0.429 Fe0.571 Mo0.286 Ni0.571,FCC+Sec.,WROUGHT,other,20.0,,8.6,476.0,T,25.0,1311.0,1410.0,12.1,,,,,,
199,Co1 Cr0.429 Fe0.571 Mo0.286 Ni0.571,FCC+Sec.,WROUGHT,other,20.0,,8.6,476.0,T,25.0,1212.0,1360.0,14.9,,,,,,
199,Co1 Cr0.429 Fe0.571 Mo0.286 Ni0.571,FCC+Sec.,WROUGHT,other,20.0,,8.6,476.0,T,25.0,1028.0,1249.0,18.3,,,,,,
199,Co1 Cr0.429 Fe0.571 Mo0.286 Ni0.571,FCC+Sec.,WROUGHT,other,20.0,,8.6,476.0,T,25.0,879.0,1194.0,25.4,,,,,,
199,Co1 Cr0.429 Fe0.571 Mo0.286 Ni0.571,FCC+Sec.,WROUGHT,other,20.0,,8.6,476.0,T,25.0,799.0,1127.0,28.2,,,,,,
199,Co1 Cr0.429 Fe0.571 Mo0.286 Ni0.571,FCC,WROUGHT,FCC,20.0,,8.6,476.0,T,25.0,350.0,918.0,62.4,,,234.0,,,
197,Co1 Cr1 Fe1 Ni1,FCC,CAST,FCC,20.0,,8.2,476.0,T,25.0,155.0,472.4,58.9,,,226.0,,,
197,Co1 Cr1 Fe1 Mo0.083 Ni1,,CAST,other,20.0,,8.2,476.0,T,25.0,198.8,479.0,51.1,,,,,,
197,Co1 Cr1 Fe1 Mo0.208 Ni1,,CAST,other,20.0,,8.3,476.0,T,25.0,254.7,589.6,55.1,,,,,,
197,Co1 Cr1 Fe1 Mo0.304 Ni1,FCC+Sec.,CAST,other,20.0,,8.4,476.0,T,25.0,305.3,709.7,49.3,,,,,,
197,Co1 Cr1 Fe1 Mo0.304 Ni1,FCC+Sec.,WROUGHT,other,3.0,,8.4,476.0,T,25.0,815.5,1186.5,18.9,,,,,,
197,Co1 Cr1 Fe1 Mo0.304 Ni1,FCC+Sec.,WROUGHT,other,3.1,,8.4,476.0,T,25.0,646.7,1042.0,32.5,,,,,,
197,Co1 Cr1 Fe1 Mo0.304 Ni1,FCC+Sec.,WROUGHT,other,1.6,,8.4,476.0,T,25.0,683.7,1066.6,30.4,,,,,,
177,Co1 Cr1 Fe1 Mn1 Ni1,FCC,WROUGHT,FCC,13.0,,8.0,476.0,T,25.0,243.0,558.0,50.0,,,220.0,,,
177,C0.02 Co1 Cr1 Fe1 Mn1 Ni1,FCC+Sec.,WROUGHT,other,8.0,,8.0,476.0,T,25.0,446.0,723.0,15.0,,,,,,
177,Co1 Cr1 Fe1 Mn1 Ni1,FCC,WROUGHT,FCC,7.0,,8.0,476.0,T,25.0,249.0,621.0,41.0,,,220.0,,,
177,C0.02 Co1 Cr1 Fe1 Mn1 Ni1,FCC+Sec.,WROUGHT,other,4.0,,8.0,476.0,T,25.0,581.0,857.0,28.0,,,,,,
196,Co1 Cr1 Fe1 Ni1,FCC,ANNEAL,FCC,20.0,,8.2,476.0,T,25.0,190.0,453.0,70.0,,,226.0,,,
196,Al0.167 Co1 Cr1 Fe1 Ni1 Ti0.083,FCC,ANNEAL,FCC,289.7,,7.8,476.0,T,25.0,210.0,503.0,70.0,,,214.0,,,
196,Al0.167 Co1 Cr1 Fe1 Ni1 Ti0.083,FCC+L12+Sec.,WROUGHT,other,15.7,,7.8,476.0,T,25.0,645.0,1094.0,39.0,,,,,,
196,Al0.167 Co1 Cr1 Fe1 Ni1 Ti0.083,FCC+L12+Sec.,WROUGHT,other,2.8,,7.8,476.0,T,25.0,1005.0,1273.0,17.0,,,,,,
201,Al0.242 Co0.515 Cr0.515 Cu0.242 Fe0.515 Ni1,,ANNEAL,other,20.0,,7.7,168.0,,,822.0,1004.0,,,,,,,
201,Al0.242 Co0.515 Cr0.515 Cu0.242 Fe0.515 Ni1,,ANNEAL,other,20.0,,7.7,328.0,,,822.0,1004.0,,,,,,,
167,Al0.242 Co0.515 Cr0.515 Cu0.242 Fe0.515 Ni1,,ANNEAL,other,20.0,,7.7,206.0,,,822.0,1004.0,,,,,,,
201,Al0.229 Co0.486 Cr0.4 Cu0.229 Fe0.486 Mo0.003 Ni1 Ti0.029 W0.003,,CAST,other,20.0,,7.7,231.0,,,822.0,1004.0,,,,,,,
201,Al0.229 Co0.486 Cr0.4 Cu0.229 Fe0.486 Mo0.003 Ni1 Ti0.029 W0.003,,ANNEAL,other,20.0,,7.7,178.0,,,822.0,1004.0,,,,,,,
201,Al0.229 Co0.486 Cr0.4 Cu0.229 Fe0.486 Mo0.003 Ni1 Ti0.029 W0.003,,ANNEAL,other,20.0,,7.7,343.0,,,822.0,1004.0,,,,,,,
167,Al0.229 Co0.486 Cr0.4 Cu0.229 Fe0.486 Mo0.003 Ni1 Ti0.029 W0.003,,ANNEAL,other,20.0,,7.7,171.0,,,822.0,1004.0,,,,,,,
175,Al0.278 Co0.694 Cr0.222 Fe0.417 Ni1 Ti0.167,,CAST,other,20.0,,7.4,343.0,,,822.0,1004.0,,,,,,,
175,Al0.278 Co0.694 Cr0.222 Fe0.417 Ni1 Ti0.167,,ANNEAL,other,20.0,,7.4,341.0,,,822.0,1004.0,,,,,,,
175,Al0.278 Co0.694 Cr0.222 Fe0.417 Ni1 Ti0.167,FCC+L12+Sec.,ANNEAL,other,20.0,,7.4,345.0,T,25.0,568.0,786.0,12.0,,,,,,
175,Al0.278 Co0.694 Cr0.222 Fe0.417 Ni1 Ti0.167,FCC+L12+Sec.,ANNEAL,other,20.0,,7.4,345.0,T,25.0,596.0,1039.0,20.0,,,,,,
175,Al0.278 Co0.694 Cr0.222 Fe0.417 Ni1 Ti0.167,FCC+L12+Sec.,ANNEAL,other,20.0,,7.4,345.0,T,700.0,487.0,702.0,18.0,,,,,,
175,Al0.278 Co0.694 Cr0.222 Fe0.417 Ni1 Ti0.167,FCC+L12+Sec.,ANNEAL,other,20.0,,7.4,345.0,T,700.0,486.0,624.0,11.0,,,,,,
193,Al0.885 Cr1 Fe1 Ni1,BCC+B2,CAST,other,20.0,,6.4,476.0,C,25.0,770.0,1004.0,37.1,,,,,,
193,Al1 Cr1 Fe1 Ni1,BCC+B2,CAST,other,20.0,,6.3,476.0,C,25.0,843.2,1004.0,34.6,,,,,,
193,Al1 Cr0.889 Fe0.889 Ni0.889,BCC+B2,CAST,other,20.0,,6.1,476.0,C,25.0,1044.0,1004.0,27.1,,,,,,
193,Al1 Cr0.828 Fe0.828 Ni0.828,BCC+B2,CAST,other,20.0,,6.0,476.0,C,25.0,906.8,1004.0,31.4,,,,,,
193,Al1 Cr0.767 Fe0.767 Ni0.767,BCC+B2,CAST,other,20.0,,5.9,476.0,C,25.0,1122.8,1004.0,24.7,,,,,,
191,Al0.5 Cr0.5 Fe1 Ni1,BCC+B2,CAST,other,20.0,,6.9,476.0,C,25.0,822.0,1004.0,17.0,,,,,,
168,Al1 Co1 Cr1 Fe1 Ni1,BCC+B2,CAST,other,20.0,,6.7,476.0,C,25.0,822.0,1004.0,22.7,,,,,,
182,Al0.545 Cr0.545 Fe0.515 Ni1 Ti0.273,BCC+B2+L12,CAST,other,20.0,,6.4,476.0,C,25.0,822.0,1004.0,16.3,,,,,,
182,Al0.545 Cr0.545 Fe0.515 Ni1 Ti0.273,BCC+B2+L12,ANNEAL,other,20.0,,6.4,476.0,C,25.0,822.0,1004.0,19.8,,,,,,
181,Cr1 Fe1 Ni1 V0.5 W1,FCC+BCC+Sec.,CAST,other,20.0,,10.9,476.0,C,25.0,822.0,1004.0,7.3,,,,,,
169,Al0.515 Cr0.515 Cu0.515 Fe0.515 Ni1,FCC+BCC+B2,CAST,other,20.0,,7.1,476.0,C,25.0,822.0,1004.0,30.0,,,,,,
202,Co1 Cr1 Fe1 Mn1 Ni1,FCC,ANNEAL,FCC,20.0,,8.0,476.0,C,25.0,230.0,1004.0,75.0,,,220.0,,,
202,Co1 Cr1 Fe1 Mn1 Ni1 V0.263,FCC+Sec.,ANNEAL,other,20.0,,7.9,476.0,C,25.0,200.0,1004.0,75.0,,,,,,
202,Co1 Cr1 Fe1 Mn1 Ni1 V0.5,FCC+Sec.,ANNEAL,other,20.0,,7.8,476.0,C,25.0,620.0,1004.0,75.0,,,,,,
202,Co1 Cr1 Fe1 Mn1 Ni1 V0.765,FCC+Sec.,ANNEAL,other,20.0,,7.7,476.0,C,25.0,780.0,1004.0,8.0,,,,,,
202,Co1 Cr1 Fe1 Mn1 Ni1 V1,FCC+Sec.,ANNEAL,other,20.0,,7.7,476.0,C,25.0,1700.0,1004.0,1.0,,,,,,
170,Al0.304 Co1 Cr1 Fe1 Ni1,FCC,CAST,FCC,20.0,,7.6,476.0,C,25.0,822.0,1004.0,25.0,,,210.0,,,
171,Co1 Cr1 Fe1 Ni1,FCC,CAST,FCC,20.0,,8.2,476.0,C,25.0,822.0,1004.0,83.0,,,226.0,,,
192,Al0.511 Co0.511 Cr0.511 Fe0.511 Ni1,FCC+B2,CAST,other,20.0,,7.0,476.0,T,25.0,545.0,1030.0,16.5,,,,,,
192,Al0.465 Co0.465 Cr0.465 Fe0.465 Ni1,FCC+B2,CAST,other,20.0,,7.1,476.0,T,25.0,545.0,1050.0,16.5,,,,,,
192,Al0.451 Co0.451 Cr0.451 Fe0.451 Ni1,FCC+B2,CAST,other,20.0,,7.1,476.0,T,25.0,545.0,1110.0,20.0,,,,,,
194,Al0.108 Co0.514 Cr0.514 Cu0.108 Fe0.514 Ni1,FCC,WROUGHT,FCC,20.0,,8.0,476.0,T,25.0,719.0,1048.0,30.0,,,209.0,,,
194,Al0.108 Co0.514 Cr0.514 Cu0.108 Fe0.514 Ni1,FCC+L12,WROUGHT,other,20.0,,8.0,476.0,T,25.0,460.0,732.0,32.0,,,,,,
200,Al0.242 Co0.515 Cr0.515 Cu0.242 Fe0.515 Ni1,Other,CAST,other,20.0,,7.7,476.0,T,25.0,357.0,459.0,9.0,,,,,,
200,Al0.242 Co0.515 Cr0.515 Cu0.242 Fe0.515 Ni1,Other,ANNEAL,other,20.0,,7.7,476.0,T,25.0,365.0,365.0,0.1,,,,,,
200,Al0.242 Co0.515 Cr0.515 Cu0.242 Fe0.515 Ni1,FCC+L12,ANNEAL,other,20.0,,7.7,476.0,T,25.0,215.0,489.0,39.0,,,,,,
172,Al0.5 Co1 Cr1 Cu1 Fe1 Ni1,Other,WROUGHT,other,20.0,,7.6,476.0,T,25.0,1284.0,1344.0,7.6,,,,,,
173,Al0.5 Co1 Cr1 Cu1 Fe1 Ni1,FCC,WROUGHT,FCC,20.0,,7.6,476.0,T,25.0,1290.0,1400.0,5.0,,,189.0,,,
173,Al0.5 Co1 Cr1 Cu1 Fe1 Ni1,Other,WROUGHT,other,20.0,,7.6,476.0,T,25.0,650.0,790.0,27.0,,,,,,
180,Al1 Co1 Cr1 Cu1 Fe1 Ni1,BCC+Sec.,CAST,other,20.0,,7.1,476.0,T,25.0,790.0,790.0,0.2,,,,,,
180,Al1 Co1 Cr1 Cu1 Fe1 Ni1,BCC+Sec.,WROUGHT,other,20.0,,7.1,476.0,T,25.0,1040.0,1170.0,1.0,,,,,,
190,Al1 Co1 Cr1 Fe1 Ni1,BCC+B2+FCC+Sec.,OTHER,other,20.0,,6.7,476.0,T,700.0,295.0,393.0,12.0,,,,,,
180,Al1 Co1 Cr1 Cu1 Fe1 Ni1,BCC+Sec.,CAST,other,20.0,,7.1,476.0,T,700.0,350.0,360.0,5.0,,,,,,
180,Al1 Co1 Cr1 Cu1 Fe1 Ni1,BCC+Sec.,WROUGHT,other,20.0,,7.1,476.0,T,700.0,63.0,91.0,63.0,,,,,,
173,Al0.5 Co1 Cr1 Cu1 Fe1 Ni1,FCC,WROUGHT,FCC,20.0,,7.6,476.0,T,700.0,180.0,185.0,5.0,,,189.0,,,
173,Al0.5 Co1 Cr1 Cu1 Fe1 Ni1,Other,WROUGHT,other,20.0,,7.6,476.0,T,700.0,160.0,180.0,12.0,,,,,,
214,Co1 Cr1 Fe1 Ni1 Ti0.2,FCC,WROUGHT,FCC,51.0,,7.9,476.0,T,25.0,700.0,1240.0,36.0,,,218.0,,,
214,Co1 Cr1 Fe1 Ni1 Ti0.2,FCC,WROUGHT,FCC,20.0,,7.9,476.0,T,-196.0,860.0,1580.0,46.0,,,218.0,,,
222,Al0.1 Co1 Cr1 Fe1 Ni1,FCC,WROUGHT,FCC,20.0,,8.0,476.0,T,25.0,1198.0,1004.0,1.5,,,220.0,,,
222,Al0.1 Co1 Cr1 Fe1 Ni1,FCC,WROUGHT,FCC,20.0,,8.0,476.0,T,25.0,1403.0,1004.0,1.2,,,220.0,,,
222,Al0.1 Co1 Cr1 Fe1 Ni1,FCC,WROUGHT,FCC,20.0,,8.0,476.0,T,25.0,711.0,928.0,30.3,,,220.0,,,
222,Al0.1 Co1 Cr1 Fe1 Ni1,FCC,WROUGHT,FCC,7.0,,8.0,476.0,T,25.0,356.0,1004.0,42.4,,,220.0,,,
236,Co1 Cr1 Fe1 Mn1 Ni1,FCC,WROUGHT,FCC,0.5,,8.0,476.0,T,25.0,1120.0,1004.0,1.1,,,220.0,,,
236,Co1 Cr1 Fe1 Mn1 Ni1,FCC,WROUGHT,FCC,20.0,,8.0,476.0,T,-196.0,1692.0,1004.0,10.3,,,220.0,,,
245,Al0.5 Cr0.5 Fe0.5 Ni1,FCC+BCC+B2,CAST,other,20.0,,6.7,476.0,T,25.0,774.0,1357.0,6.4,,,,,,
245,Al0.429 Cr0.476 Fe0.476 Ni1,FCC+BCC+B2,CAST,other,20.0,,6.9,476.0,T,25.0,610.0,1173.0,9.1,,,,,,
245,Al0.364 Cr0.455 Fe0.455 Ni1,FCC+BCC+B2,CAST,other,20.0,,7.0,476.0,T,25.0,479.0,956.0,12.7,,,,,,
245,Al0.304 Cr0.435 Fe0.435 Ni1,FCC+BCC+B2,CAST,other,20.0,,7.2,476.0,T,25.0,461.0,835.0,30.0,,,,,,
245,Al0.25 Cr0.417 Fe0.417 Ni1,FCC,CAST,FCC,20.0,,7.3,476.0,T,25.0,441.0,757.0,45.0,,,196.0,,,
98,Co1 Cr1 Ni1,FCC,WROUGHT,FCC,1.6,,8.3,468.0,T,25.0,1100.0,1004.0,23.0,,,231.0,,,
98,Co1 Cr1 Ni1,FCC,WROUGHT,FCC,2.3,,8.3,326.0,T,25.0,597.0,1004.0,53.0,,,231.0,,,
98,Co1 Cr1 Ni1,FCC,WROUGHT,FCC,24.0,,8.3,223.0,T,25.0,346.0,1004.0,76.0,,,231.0,,,
105,Al0.476 Co0.476 Cr0.476 Fe0.476 Ni1,FCC+B2,WROUGHT,other,20.0,,7.1,476.0,T,25.0,1263.0,1004.0,21.4,,,,,,
105,Al0.476 Co0.476 Cr0.476 Fe0.476 Ni1,FCC+B2,WROUGHT,other,20.0,,7.1,476.0,T,25.0,1154.0,1004.0,25.0,,,,,,
105,Al0.476 Co0.476 Cr0.476 Fe0.476 Ni1,FCC+B2,WROUGHT,other,20.0,,7.1,476.0,T,25.0,1490.0,1004.0,16.0,,,,,,
115,Co1 Cr1 Fe1 Mn1 Ni1,FCC,CAST,FCC,20.0,,8.0,130.2,C,25.0,210.0,1004.0,57.0,,,220.0,,,
115,Co1 Cr1 Fe1 Mn1 Ni1,FCC,WROUGHT,FCC,20.0,,8.0,394.1,C,25.0,1150.0,1004.0,6.0,,,220.0,,,
115,Co1 Cr1 Fe1 Mn1 Ni1,FCC,WROUGHT,FCC,20.0,,8.0,430.7,C,25.0,1300.0,1004.0,0.7,,,220.0,,,
125,Nb1 Ta1 Ti1 V1,BCC,POWDER,BCC,24.0,,9.2,427.9,C,25.0,1108.0,1004.0,28.3,,,134.0,,,
125,Nb1 Ta1 Ti1 V1,BCC,POWDER,BCC,30.0,,9.2,444.3,C,25.0,1308.0,1004.0,27.9,,,134.0,,,
125,Nb1 Ta1 Ti1 V1,BCC,POWDER,BCC,38.0,,9.2,510.9,C,25.0,1373.0,1004.0,29.5,,,134.0,4800.0,,1900.0
135,Co1 Cr1 Fe1 Mn1 Ni1,FCC,WROUGHT,FCC,30.0,,8.0,476.0,T,25.0,300.0,676.0,52.0,,,220.0,,,
135,Co1 Cr1 Fe1 Mn1 Ni1,FCC,WROUGHT,FCC,0.65,,8.0,476.0,T,25.0,800.0,888.0,39.5,,,220.0,,,
136,Co1 Cr1 Fe1 Mn1 Ni1,FCC+BCC,CAST,other,0.4,,8.0,415.0,C,25.0,1314.0,1004.0,,20.3,,,,,
136,Al0.1 Co1 Cr1 Fe1 Mn1 Ni1,FCC+BCC,CAST,other,20.0,,7.9,432.0,C,25.0,1631.0,1004.0,,12.6,,,,,
136,Al0.3 Co1 Cr1 Fe1 Mn1 Ni1,FCC+BCC,CAST,other,0.2,,7.6,511.0,C,25.0,1836.0,1004.0,,4.9,,,,,
136,Al0.5 Co1 Cr1 Fe1 Mn1 Ni1,FCC+BCC,CAST,other,20.0,,7.4,553.0,C,25.0,1932.0,1004.0,,3.8,,,,,
136,Al0.7 Co1 Cr1 Fe1 Mn1 Ni1,FCC+BCC,CAST,other,0.2,,7.1,622.0,C,25.0,2230.0,1004.0,,1.69,,,,,
136,Al1 Co1 Cr1 Fe1 Mn1 Ni1,FCC+BCC,CAST,other,20.0,,6.8,684.0,C,25.0,822.0,1004.0,,0.0,,,,,
137,Co1 Cr1 Fe1 Ni1,FCC,WROUGHT,FCC,20.0,,8.2,476.0,T,20.0,446.0,664.0,63.0,,189.0,226.0,,,
137,Co1 Cr1 Fe1 Ni1,FCC,WROUGHT,FCC,20.0,,8.2,476.0,T,-73.0,488.0,790.0,72.0,,194.0,226.0,,,
137,Co1 Cr1 Fe1 Ni1,FCC,WROUGHT,FCC,20.0,,8.2,476.0,T,-196.0,590.0,1070.0,78.0,,204.0,226.0,,,
137,Co1 Cr1 Fe1 Ni1,FCC,WROUGHT,FCC,20.0,,8.2,476.0,T,-223.0,822.0,1152.0,68.6,,,226.0,,,
137,Co1 Cr1 Fe1 Ni1,FCC,WROUGHT,FCC,20.0,,8.2,476.0,T,-253.0,822.0,1240.0,62.0,,,226.0,,,
137,Co1 Cr1 Fe1 Ni1,FCC,WROUGHT,FCC,20.0,,8.2,476.0,T,-268.8,680.0,1251.0,61.6,,221.0,226.0,,,
138,Co1 Cr1 Fe1 Ni1,FCC,CAST,FCC,20.0,,8.2,94.7,,,822.0,1004.0,,,,226.0,,,
138,Al0.3 Co1 Cr1 Fe1 Ni1,FCC,CAST,FCC,20.0,,7.6,117.0,,,822.0,1004.0,,,,210.0,,,
138,Al0.6 Co1 Cr1 Fe1 Ni1,FCC+BCC+B2,CAST,other,20.0,,7.2,228.0,,,822.0,1004.0,,,,,,,
138,Al0.9 Co1 Cr1 Fe1 Ni1,FCC+BCC+B2,CAST,other,20.0,,6.8,511.0,,,822.0,1004.0,,,,,,,
138,Al0.9 Co1 Cr1 Fe1 Ni1 Ti0.5,BCC+B2+Sec.,CAST,other,20.0,,6.5,623.0,,,822.0,1004.0,,,,,,,
139,Co1 Cr1 Fe1 Mn1 Ni1,FCC,CAST,FCC,20.0,,8.0,476.0,C,25.0,216.0,1004.0,,,,220.0,,,
139,Co1 Cr1 Fe1 Mn1 Mo0.042 Ni1,FCC,CAST,FCC,20.0,,8.1,476.0,C,25.0,225.0,1004.0,,,,221.0,,,
139,Co1 Cr1 Fe1 Mn1 Mo0.087 Ni1,FCC+Sec.,CAST,other,20.0,,8.1,476.0,C,25.0,330.0,1004.0,,,,,,,
139,Co1 Cr1 Fe1 Mn1 Mo0.136 Ni1,FCC+Sec.,CAST,other,20.0,,8.1,476.0,C,25.0,560.0,1004.0,,,,,,,
139,Co1 Cr1 Fe1 Mn1 Mo0.19 Ni1,FCC+Sec.,CAST,other,20.0,,8.1,476.0,C,25.0,765.0,1004.0,,,,,,,
141,Al0.3 Co1 Cr1 Fe1 Ni1,FCC+L12,WROUGHT,other,20.0,,7.6,476.0,T,25.0,143.0,400.0,65.0,,,,,,
141,Al0.3 Co1 Cr1 Fe1 Ni1,FCC+L12,WROUGHT,other,20.0,,7.6,476.0,T,25.0,471.0,850.0,45.0,,,,,,
141,Al0.3 Co1 Cr1 Fe1 Ni1,FCC+B2+Sec.,WROUGHT,other,20.0,,7.6,476.0,T,25.0,841.0,1050.0,35.0,,,,,,
141,Al0.3 Co1 Cr1 Fe1 Ni1,FCC+BCC+B2+Sec.,WROUGHT,other,20.0,,7.6,476.0,T,25.0,161.0,1650.0,7.0,,,,,,
141,Al0.3 Co1 Cr1 Fe1 Ni1,FCC+BCC+B2+Sec.,WROUGHT,other,20.0,,7.6,476.0,T,25.0,187.0,1850.0,5.0,,,,,,
142,Al1 Co1 Cr1 Ni1,BCC+B2,CAST,other,20.0,,6.4,1183.0,C,25.0,1750.0,1004.0,16.7,,,,,,
143,Co1 Cr1 Fe1 Mn1 Ni1,FCC,WROUGHT,FCC,7.9,,8.0,476.0,T,25.0,378.7,700.1,54.0,,,220.0,,,
143,C0.5 Co1 Cr1 Fe1 Mn1 Ni1,FCC,WROUGHT,FCC,4.7,,7.6,476.0,T,25.0,520.9,791.4,40.3,,,,,,36380.0
143,C1 Co1 Cr1 Fe1 Mn1 Ni1,FCC,WROUGHT,FCC,3.5,,7.3,476.0,T,25.0,643.8,887.6,31.9,,,,,,30300.0
144,Co1 Cr0.588 Fe0.176 Mo0.176 Ni1,FCC,WROUGHT,FCC,20.0,,8.6,476.0,T,25.0,822.0,1004.0,8.0,,,231.0,,,
144,Co1 Cr0.588 Fe0.176 Mo0.176 Ni1,FCC,WROUGHT,FCC,0.7,,8.6,476.0,T,25.0,822.0,1004.0,14.0,,,231.0,,,
144,Co1 Cr0.588 Fe0.176 Mo0.176 Ni1,FCC,WROUGHT,FCC,0.8,,8.6,476.0,T,25.0,1100.0,1300.0,32.0,,,231.0,,,
144,Co1 Cr0.588 Fe0.176 Mo0.176 Ni1,FCC,WROUGHT,FCC,1.2,,8.6,476.0,T,25.0,950.0,1004.0,36.0,,,231.0,,,
144,Co1 Cr0.588 Fe0.176 Mo0.176 Ni1,FCC,WROUGHT,FCC,3.2,,8.6,476.0,T,25.0,649.0,1004.0,42.0,,,231.0,,,
144,Co1 Cr0.588 Fe0.176 Mo0.176 Ni1,FCC,WROUGHT,FCC,18.2,,8.6,476.0,T,25.0,439.0,1004.0,63.0,,,231.0,,,
144,Co1 Cr0.588 Fe0.176 Mo0.176 Ni1,FCC,WROUGHT,FCC,94.1,,8.6,476.0,T,25.0,309.0,1004.0,82.0,,,231.0,,,
145,Co1 Cr1 Fe1 Mn1 Ni1,FCC,WROUGHT,FCC,20.0,,8.0,476.0,T,25.0,386.2,666.3,57.5,,,220.0,,,
146,Cr1 Cu1 Fe1 Mn1 Ni1,Other,CAST,other,20.0,,8.1,476.0,T,25.0,628.0,950.0,14.5,,,,,,
146,Cr1 Cu1 Fe1 Mn1 Ni1,Other,ANNEAL,other,20.0,,8.1,476.0,T,25.0,545.0,690.0,5.0,,,,,,
146,Cr1 Cu1 Fe1 Mn1 Ni1,Other,ANNEAL,other,20.0,,8.1,476.0,T,25.0,534.0,682.0,5.2,,,,,,
146,Cr1 Cu1 Fe1 Mn1 Ni1,Other,ANNEAL,other,20.0,,8.1,476.0,T,25.0,525.0,680.0,4.3,,,,,,
146,Cr1 Cu1 Fe1 Mn1 Ni1,Other,ANNEAL,other,20.0,,8.1,476.0,T,25.0,517.0,677.0,4.6,,,,,,
146,Cr1 Cu1 Fe1 Mn1 Ni1,Other,ANNEAL,other,20.0,,8.1,476.0,T,25.0,502.0,671.0,4.9,,,,,,
147,Cr1 Mo1 Nb1 Ta1 V1 W1,BCC+Laves+Sec.,POWDER,other,0.54,,11.7,1072.0,C,25.0,822.0,1004.0,,,,,7946.0,,
147,Cr1 Mo1 Nb1 Ta1 V1 W1,BCC+Laves+Sec.,POWDER,other,1.24,,11.7,1010.0,C,25.0,3416.0,1004.0,,5.3,,,7946.0,,
147,Cr1 Mo1 Nb1 Ta1 V1 W1,BCC+Laves+Sec.,POWDER,other,5.01,,11.7,991.3,C,25.0,3410.0,1004.0,,2.0,,,7946.0,,
147,Cr1 Mo1 Nb1 Ta1 V1 W1,BCC+Laves+Sec.,POWDER,other,10.8,,11.7,988.3,C,25.0,3338.0,1004.0,,1.9,,,7946.0,,
148,Cr1 Mo1 Nb1 Ta1 V1 W1,,CAST,other,20.0,,11.7,704.6,C,25.0,822.0,1004.0,,,,,,,
149,Co1 Cr1 Cu1 Fe1 Ni1,FCC+B2,CAST,other,20.0,,8.3,160.0,,,822.0,1004.0,,,,,,,
149,Al0.5 Co1 Cr1 Cu1 Fe1 Ni1,FCC,CAST,FCC,20.0,,7.6,160.0,,,822.0,1004.0,,,,189.0,,,
149,Al1 Co1 Cr1 Cu1 Fe1 Ni1,FCC+BCC,CAST,other,20.0,,7.1,458.0,,,822.0,1004.0,,,,,,,
149,Al1 Co0.667 Cr0.667 Cu0.667 Fe0.667 Ni0.667,FCC+BCC,CAST,other,20.0,,6.6,498.0,,,822.0,1004.0,,,,,,,
149,Al1 Co0.5 Cr0.5 Cu0.5 Fe0.5 Ni0.5,FCC+BCC,CAST,other,20.0,,6.3,560.0,,,822.0,1004.0,,,,,,,
150,Co1 Ni1 V1,,WROUGHT,other,2.0,,7.8,476.0,T,25.0,991.0,1359.0,38.0,,,,,,
150,Co1 Ni1 V1,,WROUGHT,other,5.6,,7.8,476.0,T,25.0,767.0,1224.0,46.0,,,,,,
150,Co1 Ni1 V1,,WROUGHT,other,18.7,,7.8,476.0,T,25.0,602.0,1123.0,51.0,,,,,,
150,Co1 Ni1 V1,,WROUGHT,other,27.8,,7.8,476.0,T,25.0,517.0,1049.0,55.0,,,,,,
150,Co1 Ni1 V1,,WROUGHT,other,122.2,,7.8,476.0,T,25.0,461.0,886.0,58.0,,,,,,
152,Al0.3 Co1 Cr1 Fe1 Ni1,FCC+B2+Sec.,WROUGHT,other,20.0,,7.6,476.0,T,25.0,840.0,1039.0,32.0,,,,,,
152,Al0.3 Co1 Cr1 Fe1 Ni1,FCC,WROUGHT,FCC,20.0,,7.6,476.0,T,25.0,159.0,410.0,65.0,,,210.0,,,
153,Al0.544 C0.001 Co0.69 Fe1 Ni0.69,B2+L12,CAST,other,20.0,,7.0,476.0,C,25.0,1202.0,1004.0,32.6,,,,,,11067.0
154,Hf1 Nb1 Ta1 Ti1 Zr1,BCC,WROUGHT,BCC,20.0,,9.9,476.0,,,822.0,1004.0,,,,107.0,,,
155,Co0.5 Cr0.5 Fe1 Ni1,FCC,WROUGHT,FCC,14.9,,8.2,476.0,T,25.0,214.0,612.0,77.3,,,219.0,,,
155,Co0.875 Cr0.625 Fe1 Ni1,FCC,WROUGHT,FCC,11.6,,8.3,476.0,T,25.0,241.0,721.0,96.2,,,220.0,,,
155,Co1 Cr0.556 Fe0.667 Ni0.667,FCC,WROUGHT,FCC,10.5,,8.3,476.0,T,25.0,299.0,841.0,76.1,,,222.0,,,
155,Co1 Cr0.455 Fe0.364 Ni0.364,FCC+HCP,WROUGHT,other,5.6,,8.3,476.0,T,25.0,392.0,746.0,20.3,,,,,,
155,Co1 Cr0.385 Fe0.154 Ni0.154,FCC+HCP,WROUGHT,other,6.2,,8.4,476.0,T,25.0,482.0,857.0,13.3,,,,,,
156,Hf1 Nb1 Ti1 Zr1,BCC,WROUGHT,BCC,20.0,,8.4,476.0,,,822.0,1004.0,,,69.7,89.0,,,
157,Co1 Cr1 Fe1 Mn1 Ni1,,,other,20.0,,8.0,476.0,,,822.0,1004.0,,,202.0,,,,
158,Co1 Cr1 Fe1 Mn1 Ni1,,,other,20.0,,8.0,476.0,,,822.0,1004.0,,,202.2,,,,
159,Co1 Cr1 Fe1 Ni1,,,other,20.0,,8.2,476.0,,,822.0,1004.0,,,204.0,,,,
160,Co1 Fe1 Ni1,,,other,20.0,,8.5,476.0,,,822.0,1004.0,,,174.0,,,,
161,Co1 Cr1 Ni1,,,other,20.0,,8.3,476.0,,,822.0,1004.0,,,222.0,,,,
162,Co1 Cr1 Ni1,,,other,20.0,,8.3,476.0,,,822.0,1004.0,,,229.0,,,,
160,Co1 Cr1 Ni1,,,other,20.0,,8.3,476.0,,,822.0,1004.0,,,234.0,,,,
163,Al1 Co0.5 Cr1 Fe0.147 Ni0.294,,,other,20.0,,5.7,699.0,,,822.0,1004.0,,,,,,,
163,Al1 Co0.298 Cr0.319 Cu0.106 Fe0.277 Ni0.128,,,other,20.0,,5.1,728.0,,,822.0,1004.0,,,,,,,
163,Al1 Co0.289 Cr0.158 Cu0.237 Fe0.816 Ni0.132,,,other,20.0,,5.6,604.0,,,822.0,1004.0,,,,,,,
163,Al1 Co0.278 Cr0.861 Cu0.167 Fe0.25 Ni0.222,,,other,20.0,,5.6,790.0,,,822.0,1004.0,,,,,,,
163,Al1 Co0.395 Cr0.349 Fe0.326 Ni0.256,,,other,20.0,,5.3,806.0,,,822.0,1004.0,,,,,,,
163,Al1 Co0.255 Cr0.255 Cu0.106 Fe0.277 Ni0.234,,,other,20.0,,5.1,811.0,,,822.0,1004.0,,,,,,,
163,Al1 Co0.442 Cr0.442 Fe0.256 Ni0.186,,,other,20.0,,5.3,855.0,,,822.0,1004.0,,,,,,,
163,Al1 Co0.256 Cr0.795 Cu0.128 Fe0.205 Ni0.179,,,other,20.0,,5.4,802.0,,,822.0,1004.0,,,,,,,
163,Al1 Co0.277 Cr0.277 Cu0.106 Fe0.255 Ni0.213,,,other,20.0,,5.1,799.0,,,822.0,1004.0,,,,,,,
163,Al1 Co0.465 Cr0.512 Fe0.186 Ni0.163,,,other,20.0,,5.3,857.0,,,822.0,1004.0,,,,,,,
163,Al1 Co0.298 Cr0.404 Cu0.106 Fe0.213 Ni0.106,,,other,20.0,,5.1,855.0,,,822.0,1004.0,,,,,,,
163,Al1 Co0.465 Cr0.442 Fe0.209 Ni0.209,,,other,20.0,,5.3,816.0,,,822.0,1004.0,,,,,,,
163,Al1 Co0.304 Cr0.5 Cu0.109 Fe0.152 Ni0.109,,,other,20.0,,5.1,811.0,,,822.0,1004.0,,,,,,,
163,Al1 Co0.318 Cr0.5 Cu0.114 Fe0.205 Ni0.136,,,other,20.0,,5.2,790.0,,,822.0,1004.0,,,,,,,
163,Al1 Co0.442 Cr0.558 Fe0.186 Ni0.14,,,other,20.0,,5.2,855.0,,,822.0,1004.0,,,,,,,
163,Al1 Co0.419 Cr0.558 Fe0.233 Ni0.116,,,other,20.0,,5.2,856.0,,,822.0,1004.0,,,,,,,
163,Al1 Co0.298 Cr0.426 Cu0.106 Fe0.191 Ni0.106,,,other,20.0,,5.1,859.0,,,822.0,1004.0,,,,,,,
163,Al1 Co0.558 Cr0.512 Fe0.116 Ni0.14,,,other,20.0,,5.3,875.0,,,822.0,1004.0,,,,,,,
163,Al1 Co0.581 Cr0.512 Fe0.116 Ni0.116,,,other,20.0,,5.3,865.0,,,822.0,1004.0,,,,,,,
163,Al1 Co0.558 Cr0.535 Fe0.116 Ni0.116,,,other,20.0,,5.3,868.0,,,822.0,1004.0,,,,,,,
163,Al1 Co0.535 Cr0.488 Fe0.186 Ni0.116,,,other,20.0,,5.3,863.0,,,822.0,1004.0,,,,,,,
163,Al1 Co0.255 Cr0.426 Cu0.106 Fe0.234 Ni0.106,,,other,20.0,,5.0,843.0,,,822.0,1004.0,,,,,,,
163,Al1 Co0.349 Cr0.395 Cu0.116 Fe0.326 Ni0.14,,,other,20.0,,5.3,794.0,,,822.0,1004.0,,,,,,,
163,Al1 Co0.238 Cr0.714 Cu0.119 Fe0.167 Ni0.143,,,other,20.0,,5.2,783.0,,,822.0,1004.0,,,,,,,
163,Al1 Co0.234 Cr0.468 Cu0.106 Fe0.213 Ni0.106,,,other,20.0,,5.0,797.0,,,822.0,1004.0,,,,,,,
163,Al1 Co0.277 Cr0.426 Cu0.106 Fe0.213 Ni0.106,,,other,20.0,,5.0,805.0,,,822.0,1004.0,,,,,,,
163,Al0.853 Co0.647 Cr1 Fe0.147 Ni0.294,,,other,20.0,,6.0,699.0,,,822.0,1004.0,,,,,,,
163,Al1 Co0.149 Cr0.34 Cu0.191 Fe0.34 Ni0.106,,,other,20.0,,5.1,749.0,,,822.0,1004.0,,,,,,,
163,Al1 Co0.326 Cr0.488 Cu0.116 Fe0.279 Ni0.116,,,other,20.0,,5.3,828.0,,,822.0,1004.0,,,,,,,
163,Al1 Co0.383 Cr0.319 Cu0.106 Fe0.213 Ni0.106,,,other,20.0,,5.1,849.0,,,822.0,1004.0,,,,,,,
163,Al1 Co0.426 Cr0.383 Cu0.106 Fe0.106 Ni0.106,BCC+B2,,other,20.0,,5.1,883.0,,,822.0,1004.0,,,,,,,
163,Al1 Co0.419 Cr0.465 Fe0.279 Ni0.163,,,other,20.0,,5.3,864.0,,,822.0,1004.0,,,,,,,
163,Al1 Co0.362 Cr0.34 Cu0.106 Fe0.213 Ni0.106,,,other,20.0,,5.1,841.0,,,822.0,1004.0,,,,,,,
163,Al1 Co0.457 Cr0.391 Cu0.109 Fe0.109 Ni0.109,,,other,20.0,,5.2,840.0,,,822.0,1004.0,,,,,,,
163,Al1 Co0.512 Cr0.512 Fe0.186 Ni0.116,,,other,20.0,,5.3,882.0,,,822.0,1004.0,,,,,,,
163,Al1 Co0.512 Cr0.535 Fe0.163 Ni0.116,BCC+B2,,other,20.0,,5.3,883.0,,,822.0,1004.0,,,,,,,
163,Al1 Co0.465 Cr0.488 Fe0.209 Ni0.163,,,other,20.0,,5.3,828.0,,,822.0,1004.0,,,,,,,
163,Al1 Co0.512 Cr0.581 Fe0.116 Ni0.116,,,other,20.0,,5.2,848.0,,,822.0,1004.0,,,,,,,
163,Al1 Co0.404 Cr0.404 Cu0.106 Fe0.106 Ni0.106,,,other,20.0,,5.1,878.0,,,822.0,1004.0,,,,,,,
163,Al1 Co0.674 Cr0.419 Fe0.116 Ni0.116,,,other,20.0,,5.3,782.0,,,822.0,1004.0,,,,,,,
164,Co0.986 Cr0.952 Fe0.933 Mn0.914 Ni1,BCC,WROUGHT,BCC,20.0,,8.0,476.0,T,25.0,1290.0,1415.0,1.1,,,220.0,,,
164,Co0.986 Cr0.952 Fe0.933 Mn0.914 Ni1,FCC+BCC+Sec.,WROUGHT,other,1.3,,8.0,476.0,T,25.0,1135.0,1260.0,1.8,,,,,,
164,Co0.986 Cr0.952 Fe0.933 Mn0.914 Ni1,FCC+BCC+Sec.,WROUGHT,other,2.0,,8.0,476.0,T,25.0,585.0,815.0,31.7,,,,,,
164,Co0.986 Cr0.952 Fe0.933 Mn0.914 Ni1,FCC+Sec.,WROUGHT,other,3.6,,8.0,476.0,T,25.0,425.0,735.0,40.2,,,,,,
164,Co0.986 Cr0.952 Fe0.933 Mn0.914 Ni1,FCC,WROUGHT,FCC,17.1,,8.0,476.0,T,25.0,270.0,630.0,46.2,,,220.0,,,
164,Co0.986 Cr0.952 Fe0.933 Mn0.914 Ni1,,WROUGHT,other,0.07,,8.0,476.0,T,25.0,1120.0,1175.0,1.5,,,,,,
165,Al0.4 Hf0.6 Nb1 Ta1 Ti1 Zr1,BCC,OTHER,BCC,20.0,9.08,9.1,476.0,C,23.0,1841.0,1004.0,,,,107.0,,,
165,Al1 Cr1 Mo1 Ti1,BCC,ANNEAL,BCC,20.0,5.98,6.0,476.0,C,23.0,1100.0,1004.0,,,,189.0,,,
165,Al1 Mo1 Nb1 Ti1,BCC,ANNEAL,BCC,20.0,6.46,6.5,476.0,C,23.0,1100.0,1004.0,,,,151.0,,,
165,Hf1 Mo0.5 Nb1 Ti1 V0.5,BCC,CAST,BCC,20.0,8.96,9.0,476.0,C,23.0,1260.0,1004.0,,,,126.0,,,
165,Hf1 Mo1 Nb1 Ta1 Ti1 Zr1,BCC,CAST,BCC,20.0,9.93,9.9,476.0,C,23.0,1512.0,1004.0,,,,137.0,,,
165,Hf1 Mo1 Nb1 Ti1 Zr1,BCC,CAST,BCC,20.0,8.68,8.7,476.0,C,23.0,1575.0,1004.0,,,,128.0,,,
165,Hf1 Mo1 Ta1 Ti1 Zr1,BCC,CAST,BCC,20.0,10.18,10.2,476.0,C,23.0,1600.0,1004.0,,,,143.0,,,
165,Hf1 Nb1 Ta1 Ti1 Zr1,BCC,OTHER,BCC,20.0,9.89,9.9,476.0,C,23.0,929.0,1004.0,,,,107.0,,,
165,Mo1 Nb1 Ta1 Ti1 V1 W1,BCC,CAST,BCC,20.0,10.91,11.0,476.0,C,23.0,1515.0,1004.0,,,,209.0,,,
165,Mo1 Nb1 Ta1 Ti1 W1,BCC,CAST,BCC,20.0,11.72,11.8,476.0,C,23.0,1343.0,1004.0,,,,222.0,,,
165,Mo1 Nb1 Ta1 V1 W1,BCC,OTHER,BCC,20.0,12.29,12.4,476.0,C,23.0,1246.0,1004.0,,,,229.0,,,
165,Mo1 Nb1 Ta1 W1,BCC,OTHER,BCC,20.0,13.6,13.7,476.0,C,23.0,996.0,1004.0,,,,250.0,,,
165,Mo1 Nb1 Ti1,BCC,OTHER,BCC,20.0,7.67,7.7,476.0,C,23.0,1100.0,1004.0,,,,177.0,,,
165,Nb1 Ta0.3 Ti1 Zr1,BCC,OTHER,BCC,20.0,7.81,7.4,476.0,C,23.0,882.0,1004.0,,,,101.0,,,
165,Nb1 Ti1 Zr1,BCC,OTHER,BCC,20.0,6.63,6.5,476.0,C,23.0,975.0,1004.0,,,,94.0,,,
165,Al1 Cr1 Mo1 Nb1 Ti1,BCC+Laves,ANNEAL,other,20.0,6.56,6.6,476.0,C,23.0,1010.0,1004.0,,,,,,,
165,Al0.24 Nb1 Ti1 V1 Zr1,BCC+Laves,OTHER,other,20.0,6.34,6.3,476.0,C,23.0,1240.0,1004.0,,,,,,,
165,Al1 Mo0.5 Nb1 Ta0.5 Ti1 Zr1,B2+BCC,OTHER,other,20.0,7.14,7.1,476.0,C,23.0,2000.0,1004.0,,,,,,,
165,Cr1 Nb0.333 Ti0.333 Zr0.333,BCC+Laves,OTHER,other,20.0,6.56,6.8,476.0,C,23.0,1576.0,1004.0,,,,,,,
165,Cr1 Mo0.5 Nb1 Ta0.5 Ti1 Zr1,BCC+BCC+Laves,OTHER,other,20.0,7.98,8.0,476.0,C,23.0,1595.0,1004.0,,,,,,,
165,Hf1 Mo0.5 Nb1 Si0.3 Ti1 V0.5,BCC+Sec.,CAST,other,20.0,8.46,8.5,476.0,C,23.0,1617.0,1004.0,,,,,,,
165,Hf1 Mo0.5 Nb1 Si0.5 Ti1 V0.5,BCC+Sec.,CAST,other,20.0,8.16,8.2,476.0,C,23.0,1787.0,1004.0,,,,,,,
165,Hf1 Mo0.5 Nb1 Si0.7 Ti1 V0.5,BCC+Sec.,CAST,other,20.0,7.89,7.9,476.0,C,23.0,2134.0,1004.0,,,,,,,
165,Mo1 Nb1 Ti1 V1 Zr1,BCC+Laves,OTHER,other,20.0,7.27,7.1,476.0,C,23.0,1706.0,1004.0,,,,,,,
165,Nb1 Re0.3 Ti1 Zr1,BCC+Laves,OTHER,other,20.0,7.81,7.5,476.0,C,23.0,1244.0,1004.0,,,,,,,
165,Nb1 Ta1 Ti1 V1 Zr1,BCC+BCC,OTHER,other,20.0,8.43,8.5,476.0,C,23.0,1395.0,1004.0,,,,,,,
165,Al0.4 Hf0.6 Nb1 Ta1 Ti1 Zr1,BCC,OTHER,BCC,20.0,9.08,9.1,476.0,C,1000.0,298.0,1004.0,,,,107.0,,,
165,Al1 Cr1 Mo1 Ti1,BCC,ANNEAL,BCC,20.0,5.98,6.0,476.0,C,1000.0,375.0,1004.0,,,,189.0,,,
165,Al1 Mo1 Nb1 Ti1,BCC,ANNEAL,BCC,20.0,6.46,6.5,476.0,C,1000.0,540.0,1004.0,,,,151.0,,,
165,Hf1 Mo0.5 Nb1 Ti1 V0.5,BCC,CAST,BCC,20.0,8.96,9.0,476.0,C,1000.0,368.0,1004.0,,,,126.0,,,
165,Hf1 Mo1 Nb1 Ta1 Ti1 Zr1,BCC,CAST,BCC,20.0,9.93,9.9,476.0,C,1000.0,814.0,1004.0,,,,137.0,,,
165,Hf1 Mo1 Nb1 Ti1 Zr1,BCC,CAST,BCC,20.0,8.68,8.7,476.0,C,1000.0,635.0,1004.0,,,,128.0,,,
165,Hf1 Mo1 Ta1 Ti1 Zr1,BCC,CAST,BCC,20.0,10.18,10.2,476.0,C,1000.0,855.0,1004.0,,,,143.0,,,
165,Hf1 Nb1 Ta1 Ti1 Zr1,BCC,OTHER,BCC,20.0,9.89,9.9,476.0,C,1000.0,295.0,1004.0,,,,107.0,,,
165,Mo1 Nb1 Ta1 Ti1 V1 W1,BCC,CAST,BCC,20.0,10.91,11.0,476.0,C,1000.0,753.0,1004.0,,,,209.0,,,
165,Mo1 Nb1 Ta1 Ti1 W1,BCC,CAST,BCC,20.0,11.72,11.8,476.0,C,1000.0,620.0,1004.0,,,,222.0,,,
165,Mo1 Nb1 Ta1 V1 W1,BCC,OTHER,BCC,20.0,12.29,12.4,476.0,C,1000.0,842.0,1004.0,,,,229.0,,,
165,Mo1 Nb1 Ta1 W1,BCC,OTHER,BCC,20.0,13.6,13.7,476.0,C,1000.0,548.0,1004.0,,,,250.0,,,
165,Mo1 Nb1 Ti1,BCC,OTHER,BCC,20.0,7.67,7.7,476.0,C,1000.0,504.0,1004.0,,,,177.0,,,
165,Nb1 Ta0.3 Ti1 Zr1,BCC,OTHER,BCC,20.0,7.81,7.4,476.0,C,1000.0,274.0,1004.0,,,,101.0,,,
165,Nb1 Ti1 Zr1,BCC,OTHER,BCC,20.0,6.63,6.5,476.0,C,1000.0,141.0,1004.0,,,,94.0,,,
165,Al1 Cr1 Mo1 Nb1 Ti1,BCC+Laves,ANNEAL,other,20.0,6.56,6.6,476.0,C,1000.0,550.0,1004.0,,,,,,,
165,Al0.24 Nb1 Ti1 V1 Zr1,BCC+Laves,OTHER,other,20.0,6.34,6.3,476.0,C,1000.0,82.0,1004.0,,,,,,,
165,Al1 Mo0.5 Nb1 Ta0.5 Ti1 Zr1,B2+BCC,OTHER,other,20.0,7.14,7.1,476.0,C,1000.0,745.0,1004.0,,,,,,,
165,Cr1 Nb0.333 Ti0.333 Zr0.333,BCC+Laves,OTHER,other,20.0,6.56,6.8,476.0,C,1000.0,139.0,1004.0,,,,,,,
165,Cr1 Mo0.5 Nb1 Ta0.5 Ti1 Zr1,BCC+BCC+Laves,OTHER,other,20.0,7.98,8.0,476.0,C,1000.0,546.0,1004.0,,,,,,,
165,Hf1 Mo0.5 Nb1 Si0.3 Ti1 V0.5,BCC+Sec.,CAST,other,20.0,8.46,8.5,476.0,C,1000.0,398.0,1004.0,,,,,,,
165,Hf1 Mo0.5 Nb1 Si0.5 Ti1 V0.5,BCC+Sec.,CAST,other,20.0,8.16,8.2,476.0,C,1000.0,614.0,1004.0,,,,,,,
165,Hf1 Mo0.5 Nb1 Si0.7 Ti1 V0.5,BCC+Sec.,CAST,other,20.0,7.89,7.9,476.0,C,1000.0,673.0,1004.0,,,,,,,
165,Mo1 Nb1 Ti1 V1 Zr1,BCC+Laves,OTHER,other,20.0,7.27,7.1,476.0,C,1000.0,467.0,1004.0,,,,,,,
165,Nb1 Re0.3 Ti1 Zr1,BCC+Laves,OTHER,other,20.0,7.81,7.5,476.0,C,1000.0,323.0,1004.0,,,,,,,
165,Nb1 Ta1 Ti1 V1 Zr1,BCC+BCC,OTHER,other,20.0,8.43,8.5,476.0,C,1000.0,190.0,1004.0,,,,,,,
165,Al0.4 Hf0.6 Nb1 Ta1 Ti1 Zr1,BCC,OTHER,BCC,20.0,9.08,9.1,476.0,C,1200.0,89.0,1004.0,,,,107.0,,,
165,Al1 Cr1 Mo1 Ti1,BCC,ANNEAL,BCC,20.0,5.98,6.0,476.0,C,1200.0,100.0,1004.0,,,,189.0,,,
165,Al1 Mo1 Nb1 Ti1,BCC,ANNEAL,BCC,20.0,6.46,6.5,476.0,C,1200.0,200.0,1004.0,,,,151.0,,,
165,Hf1 Mo0.5 Nb1 Ti1 V0.5,BCC,CAST,BCC,20.0,8.96,9.0,476.0,C,1200.0,60.0,1004.0,,,,126.0,,,
165,Hf1 Mo1 Nb1 Ta1 Ti1 Zr1,BCC,CAST,BCC,20.0,9.93,9.9,476.0,C,1200.0,556.0,1004.0,,,,137.0,,,
165,Hf1 Mo1 Nb1 Ti1 Zr1,BCC,CAST,BCC,20.0,8.68,8.7,476.0,C,1200.0,187.0,1004.0,,,,128.0,,,
165,Hf1 Mo1 Ta1 Ti1 Zr1,BCC,CAST,BCC,20.0,10.18,10.2,476.0,C,1200.0,404.0,1004.0,,,,143.0,,,
165,Hf1 Nb1 Ta1 Ti1 Zr1,BCC,OTHER,BCC,20.0,9.89,9.9,476.0,C,1200.0,92.0,1004.0,,,,107.0,,,
165,Mo1 Nb1 Ta1 Ti1 V1 W1,BCC,CAST,BCC,20.0,10.91,11.0,476.0,C,1200.0,659.0,1004.0,,,,209.0,,,
165,Mo1 Nb1 Ta1 Ti1 W1,BCC,CAST,BCC,20.0,11.72,11.8,476.0,C,1200.0,586.0,1004.0,,,,222.0,,,
165,Mo1 Nb1 Ta1 V1 W1,BCC,OTHER,BCC,20.0,12.29,12.4,476.0,C,1200.0,735.0,1004.0,,,,229.0,,,
165,Mo1 Nb1 Ta1 W1,BCC,OTHER,BCC,20.0,13.6,13.7,476.0,C,1200.0,506.0,1004.0,,,,250.0,,,
165,Mo1 Nb1 Ti1,BCC,OTHER,BCC,20.0,7.67,7.7,476.0,C,1200.0,324.0,1004.0,,,,177.0,,,
165,Nb1 Ta0.3 Ti1 Zr1,BCC,OTHER,BCC,20.0,7.81,7.4,476.0,C,1200.0,102.0,1004.0,,,,101.0,,,
165,Nb1 Ti1 Zr1,BCC,OTHER,BCC,20.0,6.63,6.5,476.0,C,1200.0,61.0,1004.0,,,,94.0,,,
165,Al1 Cr1 Mo1 Nb1 Ti1,BCC+Laves,ANNEAL,other,20.0,6.56,6.6,476.0,C,1200.0,105.0,1004.0,,,,,,,
165,Al0.24 Nb1 Ti1 V1 Zr1,BCC+Laves,OTHER,other,20.0,6.34,6.3,476.0,C,1200.0,24.0,1004.0,,,,,,,
165,Al1 Mo0.5 Nb1 Ta0.5 Ti1 Zr1,B2+BCC,OTHER,other,20.0,7.14,7.1,476.0,C,1200.0,250.0,1004.0,,,,,,,
165,Cr1 Nb0.333 Ti0.333 Zr0.333,BCC+Laves,OTHER,other,20.0,6.56,6.8,476.0,C,1200.0,32.0,1004.0,,,,,,,
165,Cr1 Mo0.5 Nb1 Ta0.5 Ti1 Zr1,BCC+BCC+Laves,OTHER,other,20.0,7.98,8.0,476.0,C,1200.0,170.0,1004.0,,,,,,,
165,Hf1 Mo0.5 Nb1 Si0.3 Ti1 V0.5,BCC+Sec.,CAST,other,20.0,8.46,8.5,476.0,C,1200.0,166.0,1004.0,,,,,,,
165,Hf1 Mo0.5 Nb1 Si0.5 Ti1 V0.5,BCC+Sec.,CAST,other,20.0,8.16,8.2,476.0,C,1200.0,188.0,1004.0,,,,,,,
165,Hf1 Mo0.5 Nb1 Si0.7 Ti1 V0.5,BCC+Sec.,CAST,other,20.0,7.89,7.9,476.0,C,1200.0,235.0,1004.0,,,,,,,
165,Mo1 Nb1 Ti1 V1 Zr1,BCC+Laves,OTHER,other,20.0,7.27,7.1,476.0,C,1200.0,116.0,1004.0,,,,,,,
165,Nb1 Re0.3 Ti1 Zr1,BCC+Laves,OTHER,other,20.0,7.81,7.5,476.0,C,1200.0,89.0,1004.0,,,,,,,
165,Nb1 Ta1 Ti1 V1 Zr1,BCC+BCC,OTHER,other,20.0,8.43,8.5,476.0,C,1200.0,78.0,1004.0,,,,,,,
166,Co1 Cr1 Fe1 Mn1 Ni1,FCC,WROUGHT,FCC,245.48,7.753,8.0,476.0,T,25.0,293.1,625.6,63.0,,,220.0,,,
203,Hf1 Nb1 Ta1 Ti1 Zr1,BCC,WROUGHT,BCC,40.0,,9.9,476.0,T,25.0,985.0,1004.0,15.7,,,107.0,,,
203,Hf1 Nb1 Ta1 Ti1 Zr1,BCC,WROUGHT,BCC,87.0,,9.9,476.0,T,25.0,972.0,999.5,12.6,,,107.0,,,
203,Hf1 Nb1 Ta1 Ti1 Zr1,BCC,WROUGHT,BCC,112.0,,9.9,476.0,T,25.0,967.0,980.6,10.8,,,107.0,,,
204,Co1 Fe1 Ni1,FCC,WROUGHT,FCC,20.0,,8.5,476.0,T,25.0,822.0,1004.0,15.0,,,207.0,,,
204,Co1 Fe1 Ni1,FCC,WROUGHT,FCC,42.0,,8.5,476.0,T,25.0,276.0,540.0,51.0,,,207.0,,,
204,Co1 Fe1 Ni1,FCC,WROUGHT,FCC,74.0,,8.5,476.0,T,25.0,217.0,498.0,47.0,,,207.0,,,
204,Co1 Fe1 Ni1,FCC,WROUGHT,FCC,90.0,,8.5,476.0,T,25.0,201.0,430.0,44.5,,,207.0,,,
205,Co1 Cr1 Ni1,,ANNEAL,other,16.0,,8.3,476.0,T,-196.0,600.0,1247.0,68.0,,,,,,
205,Co1 Cr1 Ni1,,ANNEAL,other,16.0,,8.3,476.0,T,24.0,400.0,800.0,60.0,,,,,,
205,Co1 Cr1 Ni1,,ANNEAL,other,16.0,,8.3,476.0,T,-196.0,1215.0,1440.0,48.0,,,,,,
206,Cr0.286 Mo0.476 Nb1 Ta0.024 Ti0.31 V0.286,BCC+Sec.,POWDER,other,0.075,8.02,8.0,741.0,C,25.0,2680.0,1004.0,,,,,,,
207,Hf1 Mo1 Nb1 Ti1 Zr1,BCC,CAST,BCC,20.0,8.68,8.7,476.0,C,25.0,1719.0,1004.0,,,,128.0,,,
208,Co1 Fe1 Ni1,FCC,WROUGHT,FCC,53.7,,8.5,476.0,T,25.0,822.0,1004.0,,,161.0,207.0,,,
208,Co1 Cr0.053 Ni1,FCC,WROUGHT,FCC,7.28,,8.8,476.0,T,25.0,822.0,1004.0,,,219.0,207.0,,,
208,Fe1 Mn1 Ni1,FCC,WROUGHT,FCC,0.862,,8.1,476.0,T,25.0,529.0,613.0,25.0,,182.0,203.0,,,
208,Fe1 Mn1 Ni1,FCC,WROUGHT,FCC,0.894,,8.1,476.0,T,25.0,522.0,601.0,25.0,,182.0,203.0,,,
208,Fe1 Mn1 Ni1,FCC,WROUGHT,FCC,1.25,,8.1,476.0,T,25.0,460.0,599.0,27.0,,182.0,203.0,,,
208,Fe1 Mn1 Ni1,FCC,WROUGHT,FCC,1.75,,8.1,476.0,T,25.0,407.0,536.0,26.0,,182.0,203.0,,,
208,Fe1 Mn1 Ni1,FCC,WROUGHT,FCC,2.26,,8.1,476.0,T,25.0,372.0,542.0,31.0,,182.0,203.0,,,
208,Fe1 Mn1 Ni1,FCC,WROUGHT,FCC,3.52,,8.1,476.0,T,25.0,322.0,554.0,49.0,,182.0,203.0,,,
208,Co1 Mn1 Ni1,FCC,WROUGHT,FCC,1.43,,8.4,476.0,T,25.0,333.0,569.0,40.0,,190.0,202.0,,,
208,Co1 Mn1 Ni1,FCC,WROUGHT,FCC,0.4,,8.4,476.0,T,25.0,601.0,608.0,24.0,,190.0,202.0,,,
208,Co1 Mn1 Ni1,FCC,WROUGHT,FCC,1.58,,8.4,476.0,T,25.0,321.0,566.0,50.5,,190.0,202.0,,,
208,Co1 Mn1 Ni1,FCC,WROUGHT,FCC,2.67,,8.4,476.0,T,25.0,267.0,506.0,62.5,,190.0,202.0,,,
208,Co1 Cr0.25 Ni1,FCC,WROUGHT,FCC,0.212,,8.7,476.0,T,25.0,745.0,824.0,36.0,,223.0,213.0,,,
208,Co1 Cr0.25 Ni1,FCC,WROUGHT,FCC,0.34,,8.7,476.0,T,25.0,623.0,746.0,53.0,,223.0,213.0,,,
208,Co1 Cr0.25 Ni1,FCC,WROUGHT,FCC,1.46,,8.7,476.0,T,25.0,387.0,626.0,73.0,,223.0,213.0,,,
208,Co1 Cr0.25 Ni1,FCC,WROUGHT,FCC,2.65,,8.7,476.0,T,25.0,330.0,553.0,101.0,,223.0,213.0,,,
208,Co1 Cr1 Fe1 Ni1,FCC,WROUGHT,FCC,0.295,,8.2,476.0,T,25.0,631.0,732.0,39.0,,210.0,226.0,,,
208,Co1 Cr1 Fe1 Ni1,FCC,WROUGHT,FCC,0.553,,8.2,476.0,T,25.0,494.0,732.0,51.0,,210.0,226.0,,,
208,Co1 Cr1 Fe1 Ni1,FCC,WROUGHT,FCC,0.72,,8.2,476.0,T,25.0,448.0,672.0,65.0,,210.0,226.0,,,
208,Co1 Cr1 Fe1 Ni1,FCC,WROUGHT,FCC,3.4,,8.2,476.0,T,25.0,273.0,567.0,85.0,,210.0,226.0,,,
208,Co1 Cr1 Fe1 Ni1,FCC,WROUGHT,FCC,32.2,,8.2,476.0,T,25.0,172.0,504.0,105.0,,210.0,226.0,,,
208,Co0.25 Cr1 Ni1,FCC,WROUGHT,FCC,0.497,,8.1,476.0,T,25.0,518.0,744.0,36.0,,240.0,238.0,,,
208,Co0.25 Cr1 Ni1,FCC,WROUGHT,FCC,0.848,,8.1,476.0,T,25.0,462.0,703.0,46.0,,240.0,238.0,,,
208,Co0.25 Cr1 Ni1,FCC,WROUGHT,FCC,1.78,,8.1,476.0,T,25.0,395.0,644.0,58.0,,240.0,238.0,,,
208,Co0.25 Cr1 Ni1,FCC,WROUGHT,FCC,1.98,,8.1,476.0,T,25.0,356.0,588.0,64.0,,240.0,238.0,,,
209,Al1 Co1 Ni1 Ti1,BCC+B2,POWDER,other,20.0,,5.7,672.0,C,25.0,822.0,1004.0,,,,,,,
209,Al1 Fe1 Ni1 Ti1,BCC+B2,POWDER,other,20.0,,5.5,666.0,C,25.0,822.0,1004.0,,,,,,,
209,Al1 Co1 Fe1 Ni1 Ti1,BCC+B2,POWDER,other,20.0,,6.1,667.0,C,25.0,822.0,1004.0,,,,,,,
210,Al1 Cr1 Cu1 Fe1 Ni1,FCC+BCC+B2,POWDER,other,20.0,,6.8,434.0,,,822.0,1004.0,,,,,,,
210,Al1 Cr1 Cu1 Fe1 Ni1,FCC+BCC+B2,POWDER,other,20.0,,6.8,666.0,,,822.0,1004.0,,,,,,,
210,Al1 Cr1 Cu1 Fe1 Ni1,FCC+BCC+B2,POWDER,other,20.0,,6.8,761.0,,,822.0,1004.0,,,,,,,
210,Al1 Cr1 Cu1 Fe1 Ni1,FCC+BCC+B2,POWDER,other,20.0,,6.8,747.0,,,822.0,1004.0,,,,,,,
210,Al1 Cr1 Cu1 Fe1 Ni1,FCC+BCC+B2,POWDER,other,20.0,,6.8,476.0,C,20.0,1511.0,1004.0,5.0,,,,,,
210,Al1 Cr1 Cu1 Fe1 Ni1,FCC+BCC+B2,POWDER,other,20.0,,6.8,476.0,C,400.0,1366.0,1004.0,17.0,,,,,,
210,Al1 Cr1 Cu1 Fe1 Ni1,FCC+BCC+B2,POWDER,other,20.0,,6.8,476.0,C,600.0,410.0,1004.0,35.0,,,,,,
210,Al1 Cr1 Cu1 Fe1 Ni1,FCC+BCC+B2,POWDER,other,20.0,,6.8,476.0,C,800.0,48.0,1004.0,35.0,,,,,,
211,Co1 Cr1 Fe1 Mn1 Ni1,FCC,CAST,FCC,20.0,,8.0,476.0,T,25.0,210.0,1004.0,57.0,,,220.0,,,
211,Co1 Cr1 Fe1 Mn1 Ni1,FCC,WROUGHT,FCC,20.0,,8.0,476.0,T,25.0,1150.0,1004.0,6.0,,,220.0,,,
211,Co1 Cr1 Fe1 Mn1 Ni1,FCC,WROUGHT,FCC,20.0,,8.0,476.0,T,25.0,1300.0,1004.0,2.0,,,220.0,,,
211,Co1 Cr1 Fe1 Mn1 Ni1,FCC,WROUGHT,FCC,4.0,,8.0,476.0,T,25.0,1050.0,1004.0,8.0,,,220.0,,,
211,Co1 Cr1 Fe1 Mn1 Ni1,FCC,WROUGHT,FCC,8.0,,8.0,476.0,T,25.0,560.0,1004.0,49.0,,,220.0,,,
211,Co1 Cr1 Fe1 Mn1 Ni1,FCC,WROUGHT,FCC,8.0,,8.0,476.0,T,25.0,520.0,1004.0,47.0,,,220.0,,,
211,Co1 Cr1 Fe1 Mn1 Ni1,FCC,WROUGHT,FCC,10.0,,8.0,476.0,T,25.0,320.0,1004.0,59.0,,,220.0,,,
211,Co1 Cr1 Fe1 Mn1 Ni1,FCC,WROUGHT,FCC,20.0,,8.0,476.0,T,25.0,280.0,1004.0,62.0,,,220.0,,,
212,Co0.5 Fe0.5 Mo0.1 Ni1 V0.25,FCC,CAST,FCC,20.0,,8.4,476.0,T,-196.0,419.0,1004.0,,34.6,,202.0,,,
212,Co0.5 Fe0.5 Mo0.1 Ni1 V0.25,FCC,CAST,FCC,20.0,,8.4,476.0,T,-70.0,350.0,1004.0,,28.8,,202.0,,,
212,Co0.5 Fe0.5 Mo0.1 Ni1 V0.25,FCC,CAST,FCC,20.0,,8.4,476.0,T,20.0,252.0,1004.0,,82.1,,202.0,,,
212,Co0.5 Fe0.5 Mo0.1 Ni1 V0.25,FCC,CAST,FCC,20.0,,8.4,476.0,T,600.0,214.0,1004.0,,189.2,,202.0,,,
212,Co0.5 Fe0.5 Mo0.1 Ni1 V0.25,FCC,CAST,FCC,20.0,,8.4,476.0,T,700.0,212.0,1004.0,,154.3,,202.0,,,
212,Co0.5 Fe0.5 Mo0.1 Ni1 V0.25,FCC,CAST,FCC,20.0,,8.4,476.0,T,800.0,187.0,1004.0,,119.5,,202.0,,,
213,Al0.3 Co1 Cr1 Fe1 Ni1,FCC,CAST,FCC,20.0,,7.6,132.0,C,300.0,822.0,1004.0,,,,210.0,,,
213,Al0.3 Co1 Cr1 Fe1 Ni1,FCC,CAST,FCC,20.0,,7.6,147.0,C,340.0,822.0,1004.0,,,,210.0,,,
213,Al0.3 Co1 Cr1 Fe1 Ni1,FCC,CAST,FCC,20.0,,7.6,165.0,C,430.0,822.0,1004.0,,,,210.0,,,
215,Al1 Co1 Cr1 Fe1 Ni1,B2+BCC,CAST,other,204.0,,6.7,519.0,C,25.0,1631.0,1004.0,16.0,,,,,,
215,Al1 Co1 Cr1 Fe1 Ni1,B2+BCC,CAST,other,185.0,,6.7,493.0,C,25.0,1209.0,1004.0,23.0,,,,,,
216,Co0.318 Cr0.227 Fe1 Mo0.091 Ni0.182,FCC+Sec.,WROUGHT,other,4.4,,8.2,476.0,T,25.0,443.0,840.0,61.6,,,,,,
216,Co0.327 Cr0.227 Fe1 Mo0.136 Ni0.127,FCC+Sec.,WROUGHT,other,3.2,,8.2,476.0,T,25.0,711.0,1096.0,38.3,,,,,,
216,Co0.318 Cr0.227 Fe1 Mo0.091 Ni0.182,FCC+Sec.,WROUGHT,other,26.3,,8.2,476.0,T,25.0,301.0,718.0,77.5,,,,,,
216,Co0.327 Cr0.227 Fe1 Mo0.136 Ni0.127,FCC+Sec.,WROUGHT,other,4.8,,8.2,476.0,T,25.0,684.0,1078.0,48.1,,,,,,
216,Co0.318 Cr0.227 Fe1 Mo0.091 Ni0.182,FCC+Sec.,WROUGHT,other,70.1,,8.2,476.0,T,25.0,261.0,673.0,86.6,,,,,,
216,Co0.327 Cr0.227 Fe1 Mo0.136 Ni0.127,FCC+Sec.,WROUGHT,other,5.4,,8.2,476.0,T,25.0,506.0,933.0,59.3,,,,,,
216,Co0.318 Cr0.227 Fe1 Mo0.091 Ni0.182,FCC+Sec.,WROUGHT,other,136.5,,8.2,476.0,T,25.0,231.0,638.0,87.2,,,,,,
216,Co0.327 Cr0.227 Fe1 Mo0.136 Ni0.127,FCC+Sec.,WROUGHT,other,120.6,,8.2,476.0,T,25.0,296.0,693.0,63.2,,,,,,
217,Co1 Cr1 Fe1 Mn1 Ni1,FCC,ANNEAL,FCC,300.0,,8.0,476.0,,,822.0,1004.0,,,,220.0,,,
217,Co1 Cr1 Fe1 Mn1 Ni1,FCC,POWDER,FCC,4.2,,8.0,476.0,,,822.0,1004.0,,,,220.0,,,
217,Co1 Cr1 Fe1 Mn1 Ni1,FCC,POWDER,FCC,1.3,,8.0,476.0,,,822.0,1004.0,,,,220.0,,,
218,Cr1 Cu1 Fe1 Mn1 Ni1,FCC+BCC,CAST,other,20.0,,8.1,476.0,T,25.0,615.0,950.0,14.0,,,,,,
218,Cr1 Cu1 Fe1 Mn1 Ni1,FCC+BCC,ANNEAL,other,20.0,,8.1,476.0,,,822.0,1004.0,,,,,,,
218,Cr1 Cu1 Fe1 Mn1 Ni1,FCC+BCC+Sec.,ANNEAL,other,20.0,,8.1,476.0,,,822.0,1004.0,,,,,,,
219,Mo1 Nb1 Re0.5 W1,BCC,CAST,BCC,20.0,,13.7,473.0,C,25.0,896.0,1004.0,10.4,7.08,,298.0,,,
219,C0.2 Mo1 Nb1 Re0.5 Ta0.2 W1,BCC+Sec.,CAST,other,20.0,,13.5,510.0,C,25.0,1074.0,1004.0,12.1,8.33,,,,,
219,C0.4 Mo1 Nb1 Re0.5 Ta0.4 W1,BCC+Sec.,CAST,other,20.0,,13.4,558.0,C,25.0,1144.0,1004.0,12.7,8.81,,,,,
219,C0.5 Mo1 Nb1 Re0.5 Ta0.5 W1,BCC+Sec.,CAST,other,20.0,,13.3,583.0,C,25.0,1202.0,1004.0,14.2,10.25,,,,,
219,C0.6 Mo1 Nb1 Re0.5 Ta0.6 W1,BCC+Sec.,CAST,other,20.0,,13.3,615.0,C,25.0,1241.0,1004.0,13.8,9.64,,,,,
220,Al0.278 Co0.694 Cr0.222 Fe0.417 Ni1 Ti0.167,FCC,ANNEAL,FCC,20.0,,7.4,476.0,T,23.0,520.0,696.0,49.0,,,185.0,,,
220,Al0.278 Co0.694 Cr0.222 Fe0.417 Ni1 Ti0.167,FCC,ANNEAL,FCC,20.0,,7.4,476.0,T,600.0,470.0,561.0,11.0,,,185.0,,,
220,Al0.278 Co0.694 Cr0.222 Fe0.417 Ni1 Ti0.167,FCC,ANNEAL,FCC,20.0,,7.4,476.0,T,700.0,461.0,560.0,9.0,,,185.0,,,
220,Al0.278 Co0.694 Cr0.222 Fe0.417 Ni1 Ti0.167,FCC,ANNEAL,FCC,20.0,,7.4,476.0,T,800.0,445.0,536.0,6.0,,,185.0,,,
220,Al0.278 Co0.694 Cr0.222 Fe0.417 Ni1 Ti0.167,FCC,ANNEAL,FCC,20.0,,7.4,476.0,T,900.0,219.0,312.0,8.0,,,185.0,,,
220,Al0.278 Co0.694 Cr0.222 Fe0.417 Ni1 Ti0.167,FCC,ANNEAL,FCC,20.0,,7.4,476.0,T,23.0,627.0,1197.0,27.0,,,185.0,,,
220,Al0.278 Co0.694 Cr0.222 Fe0.417 Ni1 Ti0.167,FCC,ANNEAL,FCC,20.0,,7.4,476.0,T,600.0,594.0,1006.0,12.0,,,185.0,,,
220,Al0.278 Co0.694 Cr0.222 Fe0.417 Ni1 Ti0.167,FCC,ANNEAL,FCC,20.0,,7.4,476.0,T,700.0,547.0,840.0,17.0,,,185.0,,,
220,Al0.278 Co0.694 Cr0.222 Fe0.417 Ni1 Ti0.167,FCC,ANNEAL,FCC,20.0,,7.4,476.0,T,800.0,399.0,575.0,20.0,,,185.0,,,
220,Al0.278 Co0.694 Cr0.222 Fe0.417 Ni1 Ti0.167,FCC,ANNEAL,FCC,20.0,,7.4,476.0,T,900.0,243.0,319.0,34.0,,,185.0,,,
221,Co0.286 Cr0.429 Fe1 Mn0.143 Ni0.714 V0.286,FCC,WROUGHT,FCC,8.7,,7.9,476.0,T,25.0,401.0,717.0,49.0,,,208.0,,,
221,Co0.286 Cr0.429 Fe1 Mn0.143 Ni0.714 V0.286,FCC,WROUGHT,FCC,10.4,,7.9,476.0,T,25.0,350.0,690.0,50.0,,,208.0,,,
221,Co0.286 Cr0.429 Fe1 Mn0.143 Ni0.714 V0.286,FCC,WROUGHT,FCC,11.2,,7.9,476.0,T,25.0,312.0,660.0,51.0,,,208.0,,,
221,Co0.286 Cr0.429 Fe1 Mn0.143 Ni0.714 V0.286,FCC,WROUGHT,FCC,48.2,,7.9,476.0,T,25.0,240.0,610.0,53.0,,,208.0,,,
221,Co0.286 Cr0.429 Fe1 Mn0.143 Ni0.714 V0.286,FCC,WROUGHT,FCC,82.7,,7.9,476.0,T,25.0,210.0,593.0,52.0,,,208.0,,,
223,Co1 Cr1 Fe1 Mn1 Ni1,Other,POWDER,other,20.0,7.5,8.0,410.9,T,25.0,822.0,1004.0,,,184.0,,,,
224,Al1 Co0.5 Cr0.5 Fe0.5 Ni0.5,BCC+B2,CAST,other,80.67,,5.9,581.7,C,25.0,1241.0,1004.0,9.98,,,,,,
224,Al1 Co0.556 Cr0.556 Fe0.556 Ni0.556 Ti0.111,BCC+B2,CAST,other,66.93,,5.9,605.5,C,25.0,1324.0,1004.0,10.02,,,,,,
224,Al1 Co0.667 Cr0.667 Fe0.667 Ni0.667 Ti0.333,BCC+B2,CAST,other,56.27,,6.1,641.7,C,25.0,1566.0,1004.0,11.85,,,,,,
224,Al1 Co0.833 Cr0.833 Fe0.833 Ni0.833 Ti0.667,BCC+B2,CAST,other,49.95,,6.2,639.6,C,25.0,1503.0,1004.0,7.73,,,,,,
224,Al1 Co1 Cr1 Fe1 Ni1 Ti1,BCC+B2+Laves,CAST,other,30.49,,6.2,703.0,C,25.0,1448.0,1004.0,6.18,,,,,,
224,Al0.667 Co0.833 Cr0.833 Fe0.833 Ni0.833 Ti1,BCC+B2+Laves,CAST,other,22.03,,6.3,856.9,C,25.0,1272.0,1004.0,3.15,,,,,,
226,Al1 Co1 Cr1 Fe1 Ni1,,,other,20.0,,6.7,476.0,C,25.0,1300.0,1004.0,24.2,,,,,,
226,Al0.8 Co1 Cr1 Fe1 Ni1 Ti0.2,,,other,20.0,,6.8,476.0,C,25.0,968.0,1004.0,30.1,,,,,,
226,Al0.5 Co1 Cr1 Fe1 Ni1 Ti0.5,,,other,20.0,,6.9,476.0,C,25.0,1100.0,1004.0,27.5,,,,,,
225,Al1 Co1 Cu1 Fe1 Ni1,,,other,20.0,,7.0,476.0,C,25.0,1060.0,1004.0,19.1,,,,,,
225,Al1 Co1 Cr1 Cu1 Fe1 Ni1,,,other,20.0,,7.1,476.0,C,25.0,1285.0,1004.0,24.6,,,,,,
225,Al1 Co1 Cu1 Fe1 Ni1 Ti1,,,other,20.0,,6.5,476.0,C,25.0,1612.0,1004.0,12.8,,,,,,
225,Al1 Co1 Cr1 Cu1 Fe1 Ni1 Ti1,,,other,20.0,,6.6,476.0,C,25.0,1523.0,1004.0,8.1,,,,,,
227,Al1 Cr1 Fe1 Ni1,,,other,20.0,,6.3,476.0,C,25.0,1271.0,1004.0,14.0,,,,,,
227,Al1 Co0.25 Cr1 Fe1 Ni1,,,other,20.0,,6.4,476.0,C,25.0,1363.0,1004.0,19.0,,,,,,
227,Al1 Co0.5 Cr1 Fe1 Ni1,,,other,20.0,,6.5,476.0,C,25.0,1349.0,1004.0,20.0,,,,,,
227,Al1 Co0.75 Cr1 Fe1 Ni1,,,other,20.0,,6.6,476.0,C,25.0,1331.0,1004.0,20.0,,,,,,
227,Al1 Co1 Cr1 Fe1 Ni1,,,other,20.0,,6.7,476.0,C,25.0,1313.0,1004.0,19.0,,,,,,
228,Co1 Cr1 Fe1 Mn1,,,other,20.0,,7.8,476.0,C,25.0,338.0,1004.0,4.3,,,,,,
229,Al1 Co1 Cr1 Fe1 Ni1,FCC+BCC,POWDER,other,20.0,,6.7,476.0,,,822.0,1004.0,,,,,,,
230,Hf1 Nb1 Ta1 Ti1 W1 Zr1,BCC+Laves,CAST,other,29.4,,11.2,476.0,C,25.0,1550.0,1004.0,26.3,,,,,,
230,Hf1 Mo1 Nb1 Ta1 Ti1 W1 Zr1,BCC+Laves,CAST,other,31.7,,11.1,476.0,C,25.0,1637.0,1004.0,15.5,,,,,,
230,Hf1 Nb1 Ta1 Ti1 W1 Zr1,BCC+Laves,CAST,other,20.0,,11.2,476.0,C,800.0,577.0,1004.0,35.0,,,,,,
230,Hf1 Mo1 Nb1 Ta1 Ti1 W1 Zr1,BCC+Laves,CAST,other,20.0,,11.1,476.0,C,800.0,1065.0,1004.0,35.0,,,,,,
230,Hf1 Nb1 Ta1 Ti1 W1 Zr1,BCC+Laves,CAST,other,20.0,,11.2,476.0,C,1000.0,409.0,1004.0,35.0,,,,,,
230,Hf1 Mo1 Nb1 Ta1 Ti1 W1 Zr1,BCC+Laves,CAST,other,20.0,,11.1,476.0,C,1000.0,736.0,1004.0,35.0,,,,,,
230,Hf1 Nb1 Ta1 Ti1 W1 Zr1,BCC+Laves,CAST,other,20.0,,11.2,476.0,C,1200.0,345.0,1004.0,35.0,,,,,,
230,Hf1 Mo1 Nb1 Ta1 Ti1 W1 Zr1,BCC+Laves,CAST,other,20.0,,11.1,476.0,C,1200.0,703.0,1004.0,35.0,,,,,,
231,Nb1 Ti1 Zr1,BCC,CAST,BCC,20.0,,6.5,372.0,C,25.0,1223.0,1004.0,48.0,,,94.0,,,
231,Hf1 Nb1 Ti1 Zr1,BCC,CAST,BCC,20.0,,8.4,351.0,C,25.0,1000.0,1004.0,52.0,,,89.0,,,
231,Nb1 Ti1 Zr1,BCC,ANNEAL,BCC,300.0,,6.5,476.0,,,822.0,1004.0,,,,94.0,,,
231,Hf1 Nb1 Ti1 Zr1,BCC,ANNEAL,BCC,50.0,,8.4,476.0,,,822.0,1004.0,,,,89.0,,,
231,Nb1 Ti1 Zr1,BCC,CAST,BCC,20.0,,6.5,476.0,C,800.0,462.0,1004.0,51.0,,,94.0,,,
231,Hf1 Nb1 Ti1 Zr1,BCC,CAST,BCC,20.0,,8.4,476.0,C,800.0,303.0,1004.0,51.0,,,89.0,,,
231,Nb1 Ti1 Zr1,BCC,CAST,BCC,20.0,,6.5,476.0,C,1000.0,218.0,1004.0,51.0,,,94.0,,,
231,Hf1 Nb1 Ti1 Zr1,BCC,CAST,BCC,20.0,,8.4,476.0,C,1000.0,154.0,1004.0,51.0,,,89.0,,,
232,Co1 Cr1 Fe1 Ni1,FCC,CAST,FCC,20.0,,8.2,168.9,C,25.0,163.0,1004.0,80.0,,,226.0,,,
232,Co1 Cr1 Fe1 Ni1 W0.2,FCC,CAST,FCC,20.0,,8.9,244.0,C,25.0,335.0,1004.0,52.0,,,238.0,,,
232,Co1 Cr1 Fe1 Ni1 W0.5,FCC+Sec.,CAST,other,20.0,,9.8,357.9,C,25.0,556.0,1004.0,35.6,,,,,,
233,Cr1 Fe1 Mo1 Nb1 V1,BCC+Laves,CAST,other,20.0,,8.1,826.0,C,25.0,2663.0,1004.0,2.7,,,,,,
233,Cr1 Fe1 Mo1 Nb1 Ti1,BCC+Laves,CAST,other,20.0,,7.6,792.0,C,25.0,1647.0,1004.0,0.9,,,,,,
233,Fe1 Mo1 Nb1 Ti1 V1,BCC+B2,CAST,other,20.0,,7.4,699.0,C,25.0,1707.0,1004.0,1.7,,,,,,
234,Al0.15 Cr0.5 Cu0.25 Fe0.5 Ni1,FCC,WROUGHT,FCC,20.0,,7.8,107.0,T,25.0,62.0,169.0,98.0,,16.6,200.0,,,
234,Al0.15 Cr0.5 Cu0.25 Fe0.5 Ni1,FCC+L12,WROUGHT,other,20.0,,7.8,209.0,T,25.0,350.0,642.0,73.0,,47.0,,,,
234,Al0.15 Cr0.5 Cu0.25 Fe0.5 Ni1,FCC+L12+Sec.,WROUGHT,other,20.0,,7.8,321.0,T,25.0,535.0,904.0,39.0,,35.2,,,,
234,Al0.15 Cr0.5 Cu0.25 Fe0.5 Ni1,FCC+L12+Sec.,WROUGHT,other,20.0,,7.8,159.0,T,25.0,255.0,584.0,88.0,,51.4,,,,
235,Hf1 Nb1 Ta1 Ti1 Zr1,BCC,WROUGHT,BCC,60.0,,9.9,476.0,,20.0,822.0,1004.0,,,88.9,107.0,,,
235,Hf1 Nb1 Ta1 Ti1 Zr1,BCC,WROUGHT,BCC,20.0,,9.9,476.0,,40.0,822.0,1004.0,,,88.6,107.0,,,
235,Hf1 Nb1 Ta1 Ti1 Zr1,BCC,WROUGHT,BCC,20.0,,9.9,476.0,,60.0,822.0,1004.0,,,88.4,107.0,,,
235,Hf1 Nb1 Ta1 Ti1 Zr1,BCC,WROUGHT,BCC,20.0,,9.9,476.0,,80.0,822.0,1004.0,,,88.1,107.0,,,
235,Hf1 Nb1 Ta1 Ti1 Zr1,BCC,WROUGHT,BCC,20.0,,9.9,476.0,,100.0,822.0,1004.0,,,87.9,107.0,,,
235,Hf1 Nb1 Ta1 Ti1 Zr1,BCC,WROUGHT,BCC,20.0,,9.9,476.0,,120.0,822.0,1004.0,,,87.7,107.0,,,
235,Hf1 Nb1 Ta1 Ti1 Zr1,BCC,WROUGHT,BCC,20.0,,9.9,476.0,,140.0,822.0,1004.0,,,87.5,107.0,,,
235,Hf1 Nb1 Ta1 Ti1 Zr1,BCC,WROUGHT,BCC,20.0,,9.9,476.0,,160.0,822.0,1004.0,,,87.3,107.0,,,
235,Hf1 Nb1 Ta1 Ti1 Zr1,BCC,WROUGHT,BCC,20.0,,9.9,476.0,,180.0,822.0,1004.0,,,87.1,107.0,,,
235,Hf1 Nb1 Ta1 Ti1 Zr1,BCC,WROUGHT,BCC,20.0,,9.9,476.0,,200.0,822.0,1004.0,,,86.9,107.0,,,
235,Hf1 Nb1 Ta1 Ti1 Zr1,BCC,WROUGHT,BCC,20.0,,9.9,476.0,,220.0,822.0,1004.0,,,86.7,107.0,,,
235,Hf1 Nb1 Ta1 Ti1 Zr1,BCC,WROUGHT,BCC,20.0,,9.9,476.0,,240.0,822.0,1004.0,,,86.5,107.0,,,
235,Hf1 Nb1 Ta1 Ti1 Zr1,BCC,WROUGHT,BCC,20.0,,9.9,476.0,,260.0,822.0,1004.0,,,86.3,107.0,,,
235,Hf1 Nb1 Ta1 Ti1 Zr1,BCC,WROUGHT,BCC,20.0,,9.9,476.0,,280.0,822.0,1004.0,,,86.1,107.0,,,
235,Hf1 Nb1 Ta1 Ti1 Zr1,BCC,WROUGHT,BCC,20.0,,9.9,476.0,,300.0,822.0,1004.0,,,85.8,107.0,,,
235,Hf1 Nb1 Ta1 Ti1 Zr1,BCC,WROUGHT,BCC,20.0,,9.9,476.0,,320.0,822.0,1004.0,,,85.5,107.0,,,
235,Hf1 Nb1 Ta1 Ti1 Zr1,BCC,WROUGHT,BCC,20.0,,9.9,476.0,,340.0,822.0,1004.0,,,85.2,107.0,,,
235,Hf1 Nb1 Ta1 Ti1 Zr1,BCC,WROUGHT,BCC,20.0,,9.9,476.0,,360.0,822.0,1004.0,,,84.9,107.0,,,
235,Hf1 Nb1 Ta1 Ti1 Zr1,BCC,WROUGHT,BCC,20.0,,9.9,476.0,,380.0,822.0,1004.0,,,84.5,107.0,,,
235,Hf1 Nb1 Ta1 Ti1 Zr1,BCC,WROUGHT,BCC,20.0,,9.9,476.0,,400.0,822.0,1004.0,,,84.2,107.0,,,
235,Hf1 Nb1 Ta1 Ti1 Zr1,BCC,WROUGHT,BCC,20.0,,9.9,476.0,,420.0,822.0,1004.0,,,83.8,107.0,,,
235,Hf1 Nb1 Ta1 Ti1 Zr1,BCC,WROUGHT,BCC,20.0,,9.9,476.0,,440.0,822.0,1004.0,,,83.5,107.0,,,
235,Hf1 Nb1 Ta1 Ti1 Zr1,BCC,WROUGHT,BCC,20.0,,9.9,476.0,,460.0,822.0,1004.0,,,83.1,107.0,,,
235,Hf1 Nb1 Ta1 Ti1 Zr1,BCC,WROUGHT,BCC,20.0,,9.9,476.0,,480.0,822.0,1004.0,,,82.7,107.0,,,
235,Hf1 Nb1 Ta1 Ti1 Zr1,BCC,WROUGHT,BCC,20.0,,9.9,476.0,,500.0,822.0,1004.0,,,82.3,107.0,,,
235,Hf1 Nb1 Ta1 Ti1 Zr1,BCC,WROUGHT,BCC,20.0,,9.9,476.0,,520.0,822.0,1004.0,,,81.9,107.0,,,
235,Hf1 Nb1 Ta1 Ti1 Zr1,BCC,WROUGHT,BCC,20.0,,9.9,476.0,,540.0,822.0,1004.0,,,81.6,107.0,,,
235,Hf1 Nb1 Ta1 Ti1 Zr1,BCC,WROUGHT,BCC,20.0,,9.9,476.0,,560.0,822.0,1004.0,,,81.3,107.0,,,
235,Hf1 Nb1 Ta1 Ti1 Zr1,BCC,WROUGHT,BCC,20.0,,9.9,476.0,,580.0,822.0,1004.0,,,81.0,107.0,,,
235,Hf1 Nb1 Ta1 Ti1 Zr1,BCC,WROUGHT,BCC,20.0,,9.9,476.0,,600.0,822.0,1004.0,,,80.7,107.0,,,
235,Hf1 Nb1 Ta1 Ti1 Zr1,BCC,WROUGHT,BCC,20.0,,9.9,476.0,,620.0,822.0,1004.0,,,80.4,107.0,,,
235,Hf1 Nb1 Ta1 Ti1 Zr1,BCC,WROUGHT,BCC,20.0,,9.9,476.0,,640.0,822.0,1004.0,,,80.2,107.0,,,
235,Hf1 Nb1 Ta1 Ti1 Zr1,BCC,WROUGHT,BCC,20.0,,9.9,476.0,,660.0,822.0,1004.0,,,80.0,107.0,,,
235,Hf1 Nb1 Ta1 Ti1 Zr1,BCC,WROUGHT,BCC,20.0,,9.9,476.0,,680.0,822.0,1004.0,,,79.8,107.0,,,
235,Hf1 Nb1 Ta1 Ti1 Zr1,BCC,WROUGHT,BCC,20.0,,9.9,476.0,,700.0,822.0,1004.0,,,79.6,107.0,,,
235,Hf1 Nb1 Ta1 Ti1 Zr1,BCC,WROUGHT,BCC,20.0,,9.9,476.0,,720.0,822.0,1004.0,,,79.3,107.0,,,
235,Hf1 Nb1 Ta1 Ti1 Zr1,BCC,WROUGHT,BCC,20.0,,9.9,476.0,,740.0,822.0,1004.0,,,79.0,107.0,,,
235,Hf1 Nb1 Ta1 Ti1 Zr1,BCC,WROUGHT,BCC,20.0,,9.9,476.0,,760.0,822.0,1004.0,,,78.7,107.0,,,
235,Hf1 Nb1 Ta1 Ti1 Zr1,BCC,WROUGHT,BCC,20.0,,9.9,476.0,,780.0,822.0,1004.0,,,78.4,107.0,,,
235,Hf1 Nb1 Ta1 Ti1 Zr1,BCC,WROUGHT,BCC,20.0,,9.9,476.0,,800.0,822.0,1004.0,,,78.1,107.0,,,
235,Hf1 Nb1 Ta1 Ti1 Zr1,BCC,WROUGHT,BCC,20.0,,9.9,476.0,,820.0,822.0,1004.0,,,77.7,107.0,,,
235,Hf1 Nb1 Ta1 Ti1 Zr1,BCC,WROUGHT,BCC,20.0,,9.9,476.0,,840.0,822.0,1004.0,,,77.4,107.0,,,
237,Co1 Cr1 Fe1 Ni1 Ti0.3,FCC,WROUGHT,FCC,90.0,,7.8,263.0,T,25.0,540.0,772.0,60.0,,,214.0,,,
237,Co1 Cr1 Fe1 Ni1 Ti0.3,FCC,WROUGHT,FCC,216.0,,7.8,185.0,,,822.0,1004.0,,,,214.0,,,
237,Co0.333 Cr0.667 Fe0.667 Ni1 Ti0.2,FCC,WROUGHT,FCC,263.0,,7.8,197.0,,,822.0,1004.0,,,,213.0,,,
237,Co0.333 Cr0.667 Fe0.667 Ni1 Ti0.2,FCC,WROUGHT,FCC,90.0,,7.8,308.0,T,25.0,586.0,875.0,46.0,,,213.0,,,
237,Cr0.5 Fe0.5 Ni1 Ti0.15,FCC,WROUGHT,FCC,90.0,,7.8,335.0,T,25.0,672.0,982.0,37.0,,,212.0,,,
237,Cr0.5 Fe0.5 Ni1 Ti0.15,FCC,WROUGHT,FCC,324.0,,7.8,204.0,,,822.0,1004.0,,,,212.0,,,
238,Nb1 Ta1 Ti1,BCC,WROUGHT,BCC,20.0,,10.0,476.0,C,20.0,573.0,1004.0,,,,136.0,100.0,5.0,
238,Nb1 Ta1 Ti1,BCC,WROUGHT,BCC,20.0,,10.0,476.0,C,100.0,486.0,1004.0,,,,136.0,100.0,5.0,
238,Nb1 Ta1 Ti1,BCC,WROUGHT,BCC,20.0,,10.0,476.0,C,200.0,378.0,1004.0,,,,136.0,100.0,5.0,
238,Nb1 Ta1 Ti1,BCC,WROUGHT,BCC,20.0,,10.0,476.0,C,300.0,314.0,1004.0,,,,136.0,100.0,5.0,
238,Nb1 Ta1 Ti1,BCC,WROUGHT,BCC,20.0,,10.0,476.0,C,400.0,232.0,1004.0,,,,136.0,100.0,5.0,
238,Nb1 Ta1 Ti1,BCC,WROUGHT,BCC,20.0,,10.0,476.0,C,600.0,222.0,1004.0,,,,136.0,100.0,5.0,
238,Nb1 Ta1 Ti1,BCC,WROUGHT,BCC,20.0,,10.0,476.0,C,800.0,210.0,1004.0,,,,136.0,100.0,5.0,
238,Nb1 Ta1 Ti1,BCC,WROUGHT,BCC,20.0,,10.0,476.0,C,1000.0,160.0,1004.0,,,,136.0,100.0,5.0,
238,Al1 Nb1 Ta1 Ti1,BCC,CAST,BCC,20.0,,8.2,476.0,C,20.0,1152.0,1004.0,,,,120.0,180.0,5.0,
238,Al1 Nb1 Ta1 Ti1,BCC,CAST,BCC,20.0,,8.2,476.0,C,200.0,740.0,1004.0,,,,120.0,180.0,5.0,
238,Al1 Nb1 Ta1 Ti1,BCC,CAST,BCC,20.0,,8.2,476.0,C,100.0,740.0,1004.0,,,,120.0,180.0,5.0,
238,Mo1 Nb1 Ta1 Ti1,BCC,ANNEAL,BCC,20.0,,10.0,476.0,C,20.0,1210.0,1004.0,,,,179.0,80.0,5.0,
238,Mo1 Nb1 Ta1 Ti1,BCC,ANNEAL,BCC,20.0,,10.0,476.0,C,60.0,1071.0,1004.0,,,,179.0,80.0,5.0,
238,Mo1 Nb1 Ta1 Ti1,BCC,ANNEAL,BCC,20.0,,10.0,476.0,C,100.0,1029.0,1004.0,,,,179.0,80.0,5.0,
238,Mo1 Nb1 Ta1 Ti1,BCC,ANNEAL,BCC,20.0,,10.0,476.0,C,200.0,868.0,1004.0,,,,179.0,80.0,5.0,
238,Mo1 Nb1 Ta1 Ti1,BCC,ANNEAL,BCC,20.0,,10.0,476.0,C,300.0,732.0,1004.0,,,,179.0,80.0,5.0,
238,Mo1 Nb1 Ta1 Ti1,BCC,ANNEAL,BCC,20.0,,10.0,476.0,C,400.0,685.0,1004.0,,,,179.0,80.0,5.0,
238,Mo1 Nb1 Ta1 Ti1,BCC,ANNEAL,BCC,20.0,,10.0,476.0,C,600.0,593.0,1004.0,,,,179.0,80.0,5.0,
238,Mo1 Nb1 Ta1 Ti1,BCC,ANNEAL,BCC,20.0,,10.0,476.0,C,800.0,564.0,1004.0,,,,179.0,80.0,5.0,
238,Mo1 Nb1 Ta1 Ti1,BCC,ANNEAL,BCC,20.0,,10.0,476.0,C,1000.0,539.0,1004.0,,,,179.0,80.0,5.0,
238,Nb1 Ta1 Ti1 W1,BCC,ANNEAL,BCC,20.0,,12.1,476.0,C,20.0,1054.0,1004.0,,,,198.0,90.0,5.0,
238,Nb1 Ta1 Ti1 W1,BCC,ANNEAL,BCC,20.0,,12.1,476.0,C,100.0,968.0,1004.0,,,,198.0,90.0,5.0,
238,Nb1 Ta1 Ti1 W1,BCC,ANNEAL,BCC,20.0,,12.1,476.0,C,200.0,869.0,1004.0,,,,198.0,90.0,5.0,
238,Nb1 Ta1 Ti1 W1,BCC,ANNEAL,BCC,20.0,,12.1,476.0,C,300.0,754.0,1004.0,,,,198.0,90.0,5.0,
238,Nb1 Ta1 Ti1 W1,BCC,ANNEAL,BCC,20.0,,12.1,476.0,C,400.0,627.0,1004.0,,,,198.0,90.0,5.0,
238,Nb1 Ta1 Ti1 W1,BCC,ANNEAL,BCC,20.0,,12.1,476.0,C,600.0,596.0,1004.0,,,,198.0,90.0,5.0,
238,Nb1 Ta1 Ti1 W1,BCC,ANNEAL,BCC,20.0,,12.1,476.0,C,800.0,564.0,1004.0,,,,198.0,90.0,5.0,
238,Nb1 Ta1 Ti1 W1,BCC,ANNEAL,BCC,20.0,,12.1,476.0,C,1000.0,459.0,1004.0,,,,198.0,90.0,5.0,
238,Hf1 Nb1 Ta1 Ti1,BCC,ANNEAL,BCC,20.0,,10.9,476.0,C,20.0,860.0,1004.0,,,,119.0,160.0,5.0,
238,Hf1 Nb1 Ta1 Ti1,BCC,ANNEAL,BCC,20.0,,10.9,476.0,C,20.0,834.0,1004.0,,,,119.0,160.0,5.0,
238,Hf1 Nb1 Ta1 Ti1,BCC,ANNEAL,BCC,20.0,,10.9,476.0,C,200.0,610.0,1004.0,,,,119.0,160.0,5.0,
238,Hf1 Nb1 Ta1 Ti1,BCC,ANNEAL,BCC,20.0,,10.9,476.0,C,600.0,473.0,1004.0,,,,119.0,160.0,5.0,
238,Cr1 Mo1 Nb1 Ti1,BCC,ANNEAL,BCC,20.0,,7.6,476.0,C,20.0,1630.0,1004.0,,,,196.0,260.0,5.0,
238,Cr1 Mo1 Nb1 Ti1,BCC,ANNEAL,BCC,20.0,,7.6,476.0,C,200.0,1268.0,1004.0,,,,196.0,260.0,5.0,
238,Cr1 Mo1 Nb1 Ti1,BCC,ANNEAL,BCC,20.0,,7.6,476.0,C,400.0,1115.0,1004.0,,,,196.0,260.0,5.0,
238,Cr1 Mo1 Nb1 Ti1,BCC,ANNEAL,BCC,20.0,,7.6,476.0,C,600.0,1062.0,1004.0,,,,196.0,260.0,5.0,
238,Cr1 Mo1 Nb1 Ti1,BCC,ANNEAL,BCC,20.0,,7.6,476.0,C,800.0,1058.0,1004.0,,,,196.0,260.0,5.0,
238,Cr1 Mo1 Ta1 Ti1,BCC+Laves,ANNEAL,other,20.0,,9.9,476.0,C,20.0,1795.0,1004.0,,,,,200.0,5.0,
238,Cr1 Mo1 Ta1 Ti1,BCC+Laves,ANNEAL,other,20.0,,9.9,476.0,C,100.0,1506.0,1004.0,,,,,200.0,5.0,
238,Cr1 Mo1 Ta1 Ti1,BCC+Laves,ANNEAL,other,20.0,,9.9,476.0,C,200.0,1266.0,1004.0,,,,,200.0,5.0,
238,Cr1 Mo1 Ta1 Ti1,BCC+Laves,ANNEAL,other,20.0,,9.9,476.0,C,300.0,1183.0,1004.0,,,,,200.0,5.0,
238,Cr1 Mo1 Ta1 Ti1,BCC+Laves,ANNEAL,other,20.0,,9.9,476.0,C,400.0,1175.0,1004.0,,,,,200.0,5.0,
238,Cr1 Mo1 Ta1 Ti1,BCC+Laves,ANNEAL,other,20.0,,9.9,476.0,C,600.0,1162.0,1004.0,,,,,200.0,5.0,
238,Cr1 Mo1 Ta1 Ti1,BCC+Laves,ANNEAL,other,20.0,,9.9,476.0,C,800.0,1162.0,1004.0,,,,,200.0,5.0,
238,Cr1 Mo1 Ta1 Ti1,BCC+Laves,ANNEAL,other,20.0,,9.9,476.0,C,1000.0,1159.0,1004.0,,,,,200.0,5.0,
239,Hf0.25 Ti1 V0.5 Zr0.5,BCC,CAST,BCC,20.0,,6.5,338.3,C,25.0,1160.0,1004.0,50.0,,,100.0,,,
239,Hf0.25 Ti1 V0.5 Zr0.5,BCC,CAST,BCC,20.0,,6.5,338.3,C,600.0,405.0,1004.0,50.0,,,100.0,,,
239,Hf0.25 Ti1 V0.5 Zr0.5,BCC,CAST,BCC,20.0,,6.5,338.3,C,800.0,85.0,1004.0,50.0,,,100.0,,,
239,Hf0.25 Nb0.125 Ti1 V0.5 Zr0.5,BCC,CAST,BCC,20.0,,6.6,332.4,C,25.0,1115.0,1004.0,50.0,,,100.0,,,
239,Hf0.25 Nb0.25 Ti1 V0.5 Zr0.5,BCC,CAST,BCC,20.0,,6.7,322.5,C,25.0,1065.0,1004.0,50.0,,,100.0,,,
239,Hf0.25 Nb0.25 Ti1 V0.5 Zr0.5,BCC,CAST,BCC,20.0,,6.7,322.5,C,600.0,718.0,1004.0,50.0,,,100.0,,,
239,Hf0.25 Nb0.25 Ti1 V0.5 Zr0.5,BCC,CAST,BCC,20.0,,6.7,322.5,C,800.0,135.0,1004.0,50.0,,,100.0,,,
239,Hf0.25 Nb0.375 Ti1 V0.5 Zr0.5,BCC,CAST,BCC,20.0,,6.8,318.9,C,25.0,1025.0,1004.0,50.0,,,100.0,,,
239,Hf0.25 Nb0.5 Ti1 V0.5 Zr0.5,BCC,CAST,BCC,20.0,,6.9,310.4,C,25.0,980.0,1004.0,50.0,,,101.0,,,
239,Hf0.25 Nb0.5 Ti1 V0.5 Zr0.5,BCC,CAST,BCC,20.0,,6.9,310.4,C,600.0,859.0,1004.0,50.0,,,101.0,,,
239,Hf0.25 Nb0.5 Ti1 V0.5 Zr0.5,BCC,CAST,BCC,20.0,,6.9,310.4,C,800.0,195.0,1004.0,50.0,,,101.0,,,
240,Cr1 Cu1 Fe1 Mn1 Ni1,Other,WROUGHT,other,20.0,,8.1,398.0,T,25.0,1190.0,1300.0,4.3,,,,,,
240,Cr1 Cu1 Fe1 Mn1 Ni1,Other,WROUGHT,other,1.4,,8.1,367.0,T,25.0,1170.0,1270.0,10.7,,,,,,
240,Cr1 Cu1 Fe1 Mn1 Ni1,Other,WROUGHT,other,1.5,,8.1,312.0,T,25.0,1030.0,1190.0,11.4,,,,,,
240,Cr1 Cu1 Fe1 Mn1 Ni1,Other,WROUGHT,other,1.9,,8.1,271.0,T,25.0,970.0,1110.0,12.1,,,,,,
240,Cr1 Cu1 Fe1 Mn1 Ni1,Other,WROUGHT,other,2.2,,8.1,183.0,T,25.0,850.0,960.0,14.3,,,,,,
240,Cr1 Cu1 Fe1 Mn1 Ni1,Other,WROUGHT,other,6.5,,8.1,162.0,T,25.0,470.0,640.0,34.8,,,,,,
241,Co0.476 Cr0.476 Fe0.476 Nb0.095 Ni1,FCC+Laves,CAST,other,20.0,,8.3,476.0,T,25.0,170.0,537.0,32.0,,,,,,
241,Co0.476 Cr0.476 Fe0.476 Nb0.19 Ni1,FCC+Laves,CAST,other,20.0,,8.4,476.0,T,25.0,640.0,840.0,7.0,,,,,,
241,Co0.476 Cr0.476 Fe0.476 Nb0.095 Ni1,FCC+Laves+Sec.,ANNEAL,other,20.0,,8.3,476.0,T,25.0,560.0,860.0,19.0,,,,,,
241,Co0.476 Cr0.476 Fe0.476 Nb0.19 Ni1,FCC+Laves,ANNEAL,other,20.0,,8.4,476.0,T,25.0,822.0,1004.0,3.0,,,,,,
242,C0.053 Co1 Cr1 Fe1 Mn1 Ni1,FCC+Sec.,ANNEAL,other,20.0,,8.0,345.0,C,800.0,822.0,1004.0,,,,,,,
242,C0.053 Co1 Cr1 Fe1 Mn1 Ni1,FCC+Sec.,ANNEAL,other,20.0,,8.0,285.0,C,1000.0,822.0,1004.0,,,,,,,
243,Al1 Co1 Cr1 Fe1 Ni1,BCC+FCC,POWDER,other,10.21,,6.7,550.0,C,25.0,1221.1,1004.0,30.0,23.2,,,,,
243,Al1 Co1 Cr1 Fe1 Ni1,BCC+FCC,POWDER,other,15.68,,6.7,510.0,C,25.0,1186.7,1004.0,33.0,26.5,,,,,
243,Al1 Co1 Cr1 Fe1 Ni1,BCC+FCC,POWDER,other,16.7,,6.7,503.0,C,25.0,1112.9,1004.0,30.0,21.4,,,,,
244,Cr1 Mo1 Nb1 Ti1 W1,BCC+Laves,POWDER,other,20.0,,9.9,476.0,C,25.0,2500.0,1004.0,10.0,,,,,,
244,Cr1 Mo1 Nb1 Ti1 W1,BCC+Laves,POWDER,other,20.0,,9.9,476.0,C,25.0,1260.0,1004.0,4.8,,,,,,
244,Cr1 Mo1 Nb1 Ti1 W1,BCC+Laves,POWDER,other,20.0,,9.9,476.0,C,25.0,1630.0,1004.0,4.85,,,,,,
244,Cr1 Mo1 Nb1 Ti1 W1,BCC+Laves,POWDER,other,20.0,,9.9,476.0,C,25.0,2030.0,1004.0,4.3,,,,,,
244,Cr1 Mo1 Nb1 Ti1 W1,BCC+Laves,POWDER,other,20.0,,9.9,476.0,C,25.0,1920.0,1004.0,5.0,,,,,,
246,Al1 Co1 Cr1 Fe1 Ni1,BCC+B2,POWDER,other,20.0,,6.7,476.0,C,25.0,822.0,1004.0,,,,,,,
246,Al1 Co1 Cr1 Fe1 Ni1,BCC+B2+FCC,POWDER,other,20.0,,6.7,476.0,C,25.0,822.0,1004.0,,,,,,,
246,Al1 Co1 Cr1 Fe1 Ni1,BCC+B2+FCC,POWDER,other,20.0,,6.7,476.0,C,25.0,520.0,1004.0,,,,,,,
246,Al1 Co1 Cr1 Fe1 Ni1,BCC+B2+FCC,POWDER,other,20.0,,6.7,476.0,C,25.0,1150.0,1004.0,,,,,,,
246,Al1 Co1 Cr1 Fe1 Ni1,BCC+B2+FCC,POWDER,other,20.0,,6.7,476.0,C,25.0,1287.0,1004.0,,,,,,,
246,Al1 Co1 Cr1 Fe1 Ni1,BCC+B2+FCC,POWDER,other,20.0,,6.7,476.0,C,25.0,1286.0,1004.0,,,,,,,
246,Al1 Co1 Cr1 Fe1 Ni1,BCC+B2+FCC,POWDER,other,20.0,,6.7,476.0,C,25.0,1390.0,1004.0,,,,,,,
246,Al1 Co1 Cr1 Fe1 Ni1,BCC+B2+FCC,POWDER,other,20.0,,6.7,476.0,C,25.0,1626.0,1004.0,,,,,,,
247,Cr1 Fe1 Mn1 Ni1,FCC,,FCC,20.0,,7.8,476.0,,,822.0,1004.0,,,,222.0,,,
248,Co0.25 Cr0.25 Fe1 Mn1,FCC,CAST,FCC,20.0,,7.7,476.0,T,25.0,213.0,471.0,55.7,,,212.0,,,
248,Co0.25 Cr0.25 Fe1 Mn1,FCC,CAST,FCC,20.0,,7.7,476.0,T,25.0,393.0,634.0,26.5,,,212.0,,,
248,Co0.25 Cr0.25 Fe1 Mn1,FCC,WROUGHT,FCC,20.0,,7.7,476.0,T,25.0,792.0,1055.0,22.6,,,212.0,,,
248,Co0.25 Cr0.25 Fe1 Mn1,FCC,WROUGHT,FCC,18.0,,7.7,476.0,T,25.0,559.0,1004.0,33.9,,,212.0,,,
248,Co0.25 Cr0.25 Fe1 Mn1,FCC,WROUGHT,FCC,32.0,,7.7,476.0,T,25.0,512.0,978.0,55.3,,,212.0,,,
248,Co0.25 Cr0.25 Fe1 Mn1,FCC,WROUGHT,FCC,63.0,,7.7,476.0,T,25.0,476.0,947.0,69.4,,,212.0,,,
249,Co1 Cr1 Fe1 Mn1 Ni1,FCC,WROUGHT,FCC,20.0,,8.0,476.0,T,25.0,353.0,635.0,,43.0,,220.0,,,
249,C0.041 Co1 Cr1 Fe1 Mn1 Nb0.041 Ni1,FCC+Sec.,WROUGHT,other,20.0,,8.0,476.0,T,25.0,732.0,911.0,,32.0,,,,,
250,Al0.5 Nb1 Ta0.5 Ti1 Zr1,BCC+HCP,WROUGHT,other,20.0,,7.3,476.0,C,25.0,1500.0,1004.0,6.0,,,,,,
250,Al0.5 Nb1 Ta0.5 Ti1 Zr1,BCC,POWDER,BCC,20.0,,7.3,476.0,,,822.0,1004.0,,,,102.0,,,
250,Al0.5 Nb1 Ta0.5 Ti1 Zr1,BCC+HCP,WROUGHT,other,20.0,,7.3,476.0,C,25.0,1200.0,1004.0,8.0,,,,,,
250,Al0.5 Nb1 Ta0.5 Ti1 Zr1,BCC+HCP,WROUGHT,other,20.0,,7.3,476.0,C,25.0,2100.0,1004.0,12.0,,,,,,
250,Al0.5 Nb1 Ta0.5 Ti1 Zr1,BCC+HCP,WROUGHT,other,20.0,,7.3,476.0,C,25.0,1740.0,1004.0,20.0,,,,,,
250,Al0.5 Nb1 Ta0.5 Ti1 Zr1,BCC+HCP,WROUGHT,other,20.0,,7.3,476.0,C,25.0,1630.0,1004.0,12.0,,,,,,
251,Mo1 Nb1 Ta1 W1,BCC,POWDER,BCC,20.0,,13.7,504.5,C,25.0,1217.0,1004.0,7.5,3.8,,250.0,,,
251,Mo1 Nb1 Si0.25 Ta1 W1,BCC+Sec.,POWDER,other,20.0,,12.9,567.0,C,25.0,1826.0,1004.0,16.5,10.5,,,,,
251,Mo1 Nb1 Si0.5 Ta1 W1,BCC+Sec.,POWDER,other,20.0,,12.2,697.0,C,25.0,1883.0,1004.0,11.0,5.8,,,,,
251,Mo1 Nb1 Si0.75 Ta1 W1,BCC+Sec.,POWDER,other,20.0,,11.6,682.6,C,25.0,2483.0,1004.0,6.2,1.6,,,,,
251,Mo1 Nb1 Ta1 W1,BCC,POWDER,BCC,20.0,,13.7,420.0,,200.0,822.0,1004.0,,,,250.0,,,
251,Mo1 Nb1 Si0.25 Ta1 W1,BCC+Sec.,POWDER,other,20.0,,12.9,425.0,,200.0,822.0,1004.0,,,,,,,
251,Mo1 Nb1 Si0.5 Ta1 W1,BCC+Sec.,POWDER,other,20.0,,12.2,535.0,,200.0,822.0,1004.0,,,,,,,
251,Mo1 Nb1 Si0.75 Ta1 W1,BCC+Sec.,POWDER,other,20.0,,11.6,640.0,,200.0,822.0,1004.0,,,,,,,
251,Mo1 Nb1 Ta1 W1,BCC,POWDER,BCC,20.0,,13.7,425.0,,400.0,822.0,1004.0,,,,250.0,,,
251,Mo1 Nb1 Si0.25 Ta1 W1,BCC+Sec.,POWDER,other,20.0,,12.9,420.0,,400.0,822.0,1004.0,,,,,,,
251,Mo1 Nb1 Si0.5 Ta1 W1,BCC+Sec.,POWDER,other,20.0,,12.2,560.0,,400.0,822.0,1004.0,,,,,,,
251,Mo1 Nb1 Si0.75 Ta1 W1,BCC+Sec.,POWDER,other,20.0,,11.6,600.0,,400.0,822.0,1004.0,,,,,,,
251,Mo1 Nb1 Ta1 W1,BCC,POWDER,BCC,20.0,,13.7,340.0,,600.0,822.0,1004.0,,,,250.0,,,
251,Mo1 Nb1 Si0.25 Ta1 W1,BCC+Sec.,POWDER,other,20.0,,12.9,425.0,,600.0,822.0,1004.0,,,,,,,
251,Mo1 Nb1 Si0.5 Ta1 W1,BCC+Sec.,POWDER,other,20.0,,12.2,540.0,,600.0,822.0,1004.0,,,,,,,
251,Mo1 Nb1 Si0.75 Ta1 W1,BCC+Sec.,POWDER,other,20.0,,11.6,650.0,,600.0,822.0,1004.0,,,,,,,
251,Mo1 Nb1 Ta1 W1,BCC,POWDER,BCC,20.0,,13.7,335.5,,800.0,822.0,1004.0,,,,250.0,,,
251,Mo1 Nb1 Si0.25 Ta1 W1,BCC+Sec.,POWDER,other,20.0,,12.9,399.2,,800.0,822.0,1004.0,,,,,,,
251,Mo1 Nb1 Si0.5 Ta1 W1,BCC+Sec.,POWDER,other,20.0,,12.2,550.5,,800.0,822.0,1004.0,,,,,,,
251,Mo1 Nb1 Si0.75 Ta1 W1,BCC+Sec.,POWDER,other,20.0,,11.6,597.3,,800.0,822.0,1004.0,,,,,,,
251,Mo1 Nb1 Si0.75 Ta1 W1,BCC+Sec.,POWDER,other,20.0,,11.6,476.0,C,1200.0,960.0,1004.0,22.7,,,,,,
252,Co1 Cr1 Fe1 Mn1 Ni1,FCC,WROUGHT,FCC,20.0,,8.0,476.0,T,25.0,1199.26,1335.35,4.37,,,220.0,,,
252,Co1 Cr1 Fe1 Mn1 Ni1,FCC,WROUGHT,FCC,20.0,,8.0,476.0,T,25.0,1269.23,1366.3,1.16,,,220.0,,,
252,Co1 Cr1 Fe1 Mn1 Ni1,FCC,WROUGHT,FCC,20.0,,8.0,476.0,T,25.0,1371.21,1402.83,1.58,,,220.0,,,
252,Co1 Cr1 Fe1 Mn1 Ni1,FCC,WROUGHT,FCC,0.166,,8.0,476.0,T,25.0,1362.74,1471.05,3.15,,,220.0,,,
252,Co1 Cr1 Fe1 Mn1 Ni1,FCC,WROUGHT,FCC,0.248,,8.0,476.0,T,25.0,1241.81,1325.25,4.31,,,220.0,,,
252,Co1 Cr1 Fe1 Mn1 Ni1,FCC,WROUGHT,FCC,0.468,,8.0,476.0,T,25.0,930.3,1021.32,19.01,,,220.0,,,
252,Co1 Cr1 Fe1 Mn1 Ni1,FCC,WROUGHT,FCC,1.79,,8.0,476.0,T,25.0,729.21,901.74,26.3,,,220.0,,,
252,Co1 Cr1 Fe1 Mn1 Ni1,FCC,WROUGHT,FCC,4.57,,8.0,476.0,T,25.0,494.82,735.6,38.7,,,220.0,,,
252,Co1 Cr1 Fe1 Mn1 Ni1,FCC,WROUGHT,FCC,13.45,,8.0,476.0,T,25.0,366.88,673.25,42.55,,,220.0,,,
252,Co1 Cr1 Fe1 Mn1 Ni1,FCC,WROUGHT,FCC,22.37,,8.0,476.0,T,25.0,290.65,618.51,43.15,,,220.0,,,
252,Co1 Cr1 Fe1 Mn1 Ni1,FCC,WROUGHT,FCC,30.6,,8.0,476.0,T,25.0,258.76,598.75,45.05,,,220.0,,,
253,C0.1 Co1 Cr1 Fe1 Mn1 Ni1 Ti0.1,FCC+Sec.,POWDER,other,20.0,7.5,7.8,457.0,C,25.0,1616.0,1004.0,,4.5,,,,,
253,C0.1 Co1 Cr1 Fe1 Mn1 Ni1 Ti0.1,FCC+Sec.,POWDER,other,20.0,7.64,7.8,461.0,C,25.0,1652.0,1004.0,,10.0,,,,,
253,C0.1 Co1 Cr1 Fe1 Mn1 Ni1 Ti0.1,FCC+Sec.,POWDER,other,20.0,7.66,7.8,428.0,C,25.0,1490.0,1004.0,,11.4,,,,,
253,C0.1 Co1 Cr1 Fe1 Mn1 Ni1 Ti0.1,FCC+Sec.,POWDER,other,20.0,7.69,7.8,378.0,C,25.0,1194.0,1004.0,,20.1,,,,,
255,Co1 Cr1 Fe1 Ni1,FCC,,FCC,20.0,,8.2,476.0,,,822.0,1004.0,,,,226.0,,,
255,Al0.5 Co1 Cr1 Fe1 Ni1,FCC+BCC,,other,20.0,,7.3,250.0,,,822.0,1004.0,,,,,,,
255,Al1 Co1 Cr1 Fe1 Ni1,BCC,,BCC,20.0,,6.7,500.0,,,822.0,1004.0,,,,184.0,,,
255,Al1 Co0.5 Cr0.5 Fe0.5 Ni0.5,BCC,,BCC,20.0,,5.9,733.0,,,822.0,1004.0,,,,160.0,,,
256,Al0.5 Co1 Fe1 Ni1 Ti0.5,FCC+BCC,,other,20.0,,6.9,733.0,,,822.0,1004.0,,,,,,,
256,Al0.5 Co1 Cr1 Fe1 Ni1 Ti0.5,FCC+FCC,,other,20.0,,6.9,640.0,,,822.0,1004.0,,,,,,,
257,Al0.5 Co1 Cr1 Fe1 Mn1 Ni1,,,other,20.0,,7.4,476.0,,,822.0,1004.0,,,,,,,
257,Al0.5 Co1 Cr1 Fe1 Mn1 Ni1 Ta0.2,FCC+BCC+Sec.,,other,20.0,,7.8,385.0,,,822.0,1004.0,,,,,,,
257,Al0.5 Co1 Cr1 Fe1 Mn1 Ni1 Ta0.4,FCC+BCC+Sec.,,other,20.0,,8.3,486.0,,,822.0,1004.0,,,,,,,
257,Al0.55 Co1 Cr1 Fe1 Mn1 Ni1 Ta0.6,FCC+BCC+Sec.,,other,20.0,,8.6,570.0,,,822.0,1004.0,,,,,,,
257,Co1 Cr1 Fe1 Mn1 Ni1,FCC+BCC,,other,20.0,,8.0,476.0,,,822.0,1004.0,,,,,,,
257,Co1 Cr1 Fe1 Mn1 Ni1 Ta0.2,FCC+BCC,,other,20.0,,8.5,200.0,,,822.0,1004.0,,,,,,,
257,Co1 Cr1 Fe1 Mn1 Ni1 Ta0.4,FCC+BCC,,other,20.0,,9.0,290.0,,,822.0,1004.0,,,,,,,
257,Co1 Cr1 Fe1 Mn1 Ni1 Ta0.6,FCC+BCC,,other,20.0,,9.4,345.0,,,822.0,1004.0,,,,,,,
258,Al0.3 Co1 Cr1 Fe1 Ni1,FCC,,FCC,20.0,,7.6,160.0,,,822.0,1004.0,,,,210.0,,,
258,Al0.3 Co1 Cr1 Fe1 Mo0.1 Ni1,FCC,,FCC,20.0,,7.7,200.0,,,822.0,1004.0,,,,214.0,,,
254,Al0.143 Cr0.343 Fe1 Mn0.8 Ni0.571,FCC,CAST,FCC,20.0,,7.5,476.0,T,25.0,280.0,556.0,48.0,48.2,,204.0,,,
254,Al0.286 Cr0.343 Fe1 Mn0.657 Ni0.571,FCC,WROUGHT,FCC,20.0,,7.2,476.0,T,25.0,320.0,625.0,42.2,42.45,,195.0,,,
254,Al0.143 Cr0.343 Fe1 Mn0.8 Ni0.571,FCC,CAST,FCC,20.0,,7.5,476.0,T,25.0,1253.0,1392.0,6.78,8.2,,204.0,,,
254,Al0.286 Cr0.343 Fe1 Mn0.657 Ni0.571,FCC,WROUGHT,FCC,20.0,,7.2,476.0,T,25.0,1400.0,1500.0,5.83,7.85,,195.0,,,
259,Co1 Cu1 Fe1 Mn1 Ni1,FCC,CAST,FCC,20.0,,8.4,476.0,,800.0,822.0,1004.0,,,,189.0,,,
259,Co1 Cu1 Fe1 Mn1 Ni1,FCC,CAST,FCC,20.0,,8.4,476.0,,900.0,822.0,1004.0,,,,189.0,,,
259,Co1 Cu1 Fe1 Mn1 Ni1,FCC,CAST,FCC,20.0,,8.4,476.0,,100.0,822.0,1004.0,,,,189.0,,,
260,Co1 Cr1 Fe1 Mo0.15 Ni1,FCC,CAST,FCC,20.0,,8.3,476.0,T,25.0,489.0,895.0,,53.6,,231.0,,,
260,Co1 Cr1 Fe1 Mo0.15 Ni1,,WROUGHT,other,20.0,,8.3,476.0,T,25.0,873.0,1004.0,,23.4,,,,,
260,Co1 Cr1 Fe1 Mo0.15 Ni1,,WROUGHT,other,20.0,,8.3,476.0,T,25.0,952.0,1122.0,,14.2,,,,,
260,Co1 Cr1 Fe1 Mo0.15 Ni1,FCC,WROUGHT,FCC,20.0,,8.3,476.0,T,25.0,1136.0,1245.0,,8.7,,231.0,,,
260,Co1 Cr1 Fe1 Mo0.15 Ni1,FCC,WROUGHT,FCC,20.0,,8.3,476.0,T,25.0,1301.0,1493.0,,7.2,,231.0,,,
260,Co1 Cr1 Fe1 Mo0.15 Ni1,,WROUGHT,other,20.0,,8.3,476.0,T,25.0,1311.0,1421.0,,5.9,,,,,
260,Co1 Cr1 Fe1 Mo0.15 Ni1,,WROUGHT,other,20.0,,8.3,476.0,T,25.0,1273.0,1458.0,,5.5,,,,,
261,Co0.139 Cr0.446 Cu0.99 Ni1 Si0.277,,WROUGHT,other,20.0,,7.6,142.5,T,25.0,777.0,810.0,3.4,,,,,,
261,Co0.139 Cr0.446 Cu0.99 Ni1 Si0.277,,WROUGHT,other,20.0,,7.6,147.4,,,822.0,1004.0,,,,,,,
261,Co0.139 Cr0.446 Cu0.99 Ni1 Si0.277,,WROUGHT,other,20.0,,7.6,155.2,,,822.0,1004.0,,,,,,,
262,Al1 Co1 Cr0.091 Nb0.727 W0.212,,CAST,other,20.0,,7.2,1084.0,,25.0,822.0,1004.0,,,,,,,
262,Co1 Cr0.917 Ni1 Ta0.5 Ti0.75,,CAST,other,20.0,,8.8,1011.0,,25.0,822.0,1004.0,,,,,,,
262,Al0.947 Co0.158 Mo1 Ni0.289 W0.237,,CAST,other,20.0,,8.0,725.0,,25.0,822.0,1004.0,,,,,,,
262,Co0.043 Nb0.638 Ni1 Ta0.255 Ti0.191,,CAST,other,20.0,,9.5,815.0,,25.0,822.0,1004.0,,,,,,,
262,Co0.273 Cr0.477 Nb0.477 Ni0.045 Ti1,,CAST,other,20.0,,6.4,422.0,,25.0,822.0,1004.0,,,,,,,
262,Co1 Cr0.487 Nb0.231 Ta0.026 Ti0.821,,CAST,other,20.0,,6.9,856.0,,25.0,822.0,1004.0,,,,,,,
262,Co0.564 Nb0.795 Ta0.103 Ti1 W0.103,,CAST,other,20.0,,7.7,277.0,,25.0,822.0,1004.0,,,,,,,
263,Al1 Co1 Cu1 Fe1 Ni0.5,FCC+BCC+B2,CAST,other,20.0,,6.9,430.9,C,25.0,929.0,1004.0,13.7,,,,,,
263,Al1 Co1 Cu1 Fe1 Ni0.8,FCC+BCC+B2,CAST,other,20.0,,7.0,420.0,C,25.0,1021.0,1004.0,12.3,,,,,,
263,Al1 Co1 Cu1 Fe1 Ni1,FCC+BCC+B2,CAST,other,20.0,,7.0,391.4,C,25.0,994.0,1004.0,24.5,,,,,,
263,Al0.667 Co0.667 Cu0.667 Fe0.667 Ni1,FCC+BCC+B2,CAST,other,20.0,,7.2,323.8,C,25.0,680.0,1004.0,35.9,,,,,,
263,Al0.5 Co0.5 Cu0.5 Fe0.5 Ni1,FCC+BCC+B2,CAST,other,20.0,,7.3,299.2,C,25.0,544.0,1004.0,,,,,,,
263,Al0.333 Co0.333 Cu0.333 Fe0.333 Ni1,FCC,CAST,FCC,20.0,,7.5,279.6,C,25.0,268.0,1004.0,,,,167.0,,,
99,Al0.5 Cr1 Fe1 Mn1 Ni1,BCC+B2,CAST,other,20.0,,7.1,353.0,C,25.0,1091.0,1004.0,50.0,,,,,,
99,Al0.6 Cr1 Fe1 Mn1 Ni1,BCC+B2,CAST,other,20.0,,6.9,361.0,C,25.0,1130.0,1004.0,53.0,,,,,,
99,Al0.7 Cr1 Fe1 Mn1 Ni1,BCC+B2,CAST,other,20.0,,6.8,375.0,C,25.0,1170.0,1004.0,55.0,,,,,,
99,Al0.8 Cr1 Fe1 Mn1 Ni1,BCC+B2,CAST,other,20.0,,6.7,386.0,C,25.0,1200.0,1004.0,55.0,,,,,,
100,Co1 Cr0.2 Fe1 Ni1 Si0.2,FCC,CAST,FCC,20.0,,7.8,130.1,T,25.0,225.0,732.0,61.0,,,195.0,,,
100,Co1 Cr0.2 Fe1 Ni1 Si0.2,FCC,WROUGHT,FCC,20.0,,7.8,318.2,T,25.0,705.0,1070.0,10.0,,,195.0,,,
100,Co1 Cr0.2 Fe1 Ni1 Si0.2,FCC,WROUGHT,FCC,20.0,,7.8,153.8,T,25.0,320.0,920.0,60.0,,,195.0,,,
101,Al1 Cu0.077 Fe0.077 Mg0.077 Si0.231 Zn0.077,FCC,CAST,FCC,20.0,3.08,3.2,476.0,C,25.0,422.0,1004.0,1.0,,88.7,73.0,,,
101,Al1 Cu0.077 Mg0.077 Ni0.077 Si0.231 Zn0.077,FCC,CAST,FCC,20.0,3.15,3.2,476.0,C,25.0,534.0,1004.0,1.0,,107.8,72.0,,,
101,Al1 Cr0.077 Cu0.077 Mg0.077 Si0.231 Zn0.077,FCC,CAST,FCC,20.0,3.06,3.1,476.0,C,25.0,490.0,1004.0,6.0,,78.4,75.0,,,
101,Al1 Cu0.077 Mg0.077 Mn0.077 Si0.231 Zn0.077,FCC,CAST,FCC,20.0,2.98,3.2,476.0,C,25.0,622.0,1004.0,2.0,,114.1,73.0,,,
101,Al1 Cu0.077 Mg0.077 Si0.231 Zn0.077 Zr0.077,FCC+Laves,CAST,other,20.0,3.06,3.2,476.0,C,25.0,565.0,1004.0,4.0,,105.1,,,,
102,Co1 Cr1 Fe1 Mo0.2 Ni1,FCC,CAST,FCC,20.0,,8.3,476.0,T,25.0,400.0,780.0,53.0,,,232.0,,,
102,Co1 Cr1 Fe1 Mo0.2 Ni1,FCC,ANNEAL,FCC,20.0,,8.3,476.0,T,25.0,822.0,838.0,43.0,,,232.0,,,
102,Co1 Cr1 Fe1 Mo0.2 Ni1,FCC,ANNEAL,FCC,20.0,,8.3,476.0,T,25.0,822.0,899.0,31.0,,,232.0,,,
102,Co1 Cr1 Fe1 Mo0.2 Ni1,FCC,ANNEAL,FCC,20.0,,8.3,476.0,T,25.0,822.0,902.0,29.0,,,232.0,,,
102,Co1 Cr1 Fe1 Mo0.2 Ni1,FCC,ANNEAL,FCC,20.0,,8.3,476.0,T,25.0,822.0,811.0,52.0,,,232.0,,,
102,Co1 Cr1 Fe1 Mo0.2 Ni1,FCC,ANNEAL,FCC,20.0,,8.3,476.0,T,25.0,822.0,790.0,49.0,,,232.0,,,
102,Co1 Cr1 Fe1 Mo0.2 Ni1,FCC,ANNEAL,FCC,20.0,,8.3,476.0,T,25.0,822.0,799.0,47.0,,,232.0,,,
102,Co1 Cr1 Fe1 Mo0.2 Ni1,FCC,ANNEAL,FCC,20.0,,8.3,476.0,T,25.0,822.0,802.0,37.0,,,232.0,,,
102,Co1 Cr1 Fe1 Mo0.2 Ni1,FCC,ANNEAL,FCC,20.0,,8.3,476.0,T,25.0,822.0,823.0,36.0,,,232.0,,,
102,Co1 Cr1 Fe1 Mo0.2 Ni1,FCC,ANNEAL,FCC,20.0,,8.3,476.0,T,25.0,822.0,849.0,34.0,,,232.0,,,
102,Co1 Cr1 Fe1 Mo0.2 Ni1,FCC,ANNEAL,FCC,20.0,,8.3,476.0,T,25.0,822.0,895.0,32.0,,,232.0,,,
103,Al0.569 Ca0.143 Li0.857 Mg1 Si0.286 Y0.003,,CAST,other,20.0,1.7,1.6,476.0,C,25.0,556.0,1004.0,3.0,,,,,,
103,Al0.429 Ca0.286 Li1 Mg1 Si0.143,,CAST,other,20.0,1.57,1.4,476.0,C,25.0,418.0,1004.0,13.0,,,,,,
103,Al0.312 Ca0.021 Li0.792 Mg1 Si0.021,,CAST,other,20.0,1.52,1.4,476.0,C,25.0,360.0,1004.0,9.0,,,,,,
103,Al0.333 Ca0.011 Li0.844 Mg1 Si0.033,,CAST,other,20.0,1.5,1.4,476.0,C,25.0,342.0,1004.0,44.0,,,,,,
103,Al0.333 Ca0.011 Li0.867 Mg1 Si0.011,,CAST,other,20.0,1.46,1.4,476.0,C,25.0,300.0,1004.0,63.0,,,,,,
104,Co1 Cr1 Fe1 Ni1 Pd1,FCC,CAST,FCC,20.0,,9.2,295.0,,,822.0,1004.0,,,,201.0,,,
104,Co1 Cr1 Fe1 Mn0.2 Ni1 Pd1,FCC+Sec.,CAST,other,20.0,,9.1,470.0,C,25.0,650.0,1004.0,50.0,,,,,,
104,Co1 Cr1 Fe1 Mn0.4 Ni1 Pd1,FCC+Sec.,CAST,other,20.0,,9.1,380.0,C,25.0,650.0,1004.0,46.0,,,,,,
104,Co1 Cr1 Fe1 Mn0.6 Ni1 Pd1,FCC+Sec.,CAST,other,20.0,,9.0,180.0,C,25.0,650.0,1004.0,42.0,,,,,,
104,Co1 Cr1 Fe1 Mn0.8 Ni1 Pd1,FCC+Sec.,CAST,other,20.0,,8.9,160.0,C,25.0,650.0,1004.0,35.0,,,,,,
106,Al0.3 Co1 Cr1 Fe1 Mn1 Ni1,,POWDER,other,20.0,,7.6,476.0,,,822.0,1004.0,,,,,,,
107,Cr1 Fe1 Ni1 Ti0.2,BCC+FCC,CAST,other,20.0,,7.6,362.2,C,25.0,2297.94,1004.0,5.8,,,,,,
107,Cr1 Fe1 Ni1 Ti0.3,BCC+FCC,CAST,other,20.0,,7.5,510.3,C,25.0,2364.63,1004.0,,,,,,,
107,Cr1 Fe1 Ni1 Ti0.4,BCC,CAST,BCC,20.0,,7.4,600.3,C,25.0,2475.41,1004.0,6.5,,,212.0,,,
107,Cr1 Fe1 Ni1 Ti0.5,BCC,CAST,BCC,20.0,,7.3,709.6,C,25.0,2380.79,1004.0,,,,208.0,,,
107,Cr1 Fe1 Ni1 Ti0.6,BCC,CAST,BCC,20.0,,7.2,718.2,C,25.0,1923.15,1004.0,,,,204.0,,,
108,Al1 Cr1 Cu1 Fe1 Mn1,Other,POWDER,other,20.0,,6.5,633.0,C,25.0,1010.0,1004.0,,,,,,,
108,Al1 Cr1 Cu1 Fe1 Mn1 W0.05,BCC+Sec.,POWDER,other,20.0,,6.7,680.0,C,25.0,1120.0,1004.0,,,,,,,
108,Al1 Cr1 Cu1 Fe1 Mn1 W0.1,BCC+Sec.,POWDER,other,20.0,,6.8,705.0,C,25.0,1250.0,1004.0,,,,,,,
108,Al1 Cr1 Cu1 Fe1 Mn1 W0.5,BCC+Sec.,POWDER,other,20.0,,7.9,780.0,C,25.0,1510.0,1004.0,,,,,,,
109,Co1 Cu1 Fe1 Nb0.5 Ni1,FCC+Laves,WROUGHT,other,20.0,,8.6,476.0,,,822.0,1004.0,,,,,,,
109,Co0.2 Cu0.2 Fe0.2 Nb1 Ni0.2,FCC+Laves,WROUGHT,other,20.0,,8.6,476.0,C,25.0,1498.0,1004.0,37.6,,,,,,
109,Co0.133 Cu0.133 Fe0.133 Nb1 Ni0.133,FCC+Laves,WROUGHT,other,20.0,,8.6,476.0,C,25.0,1635.0,1004.0,31.7,,,,,,
109,Co0.086 Cu0.086 Fe0.086 Nb1 Ni0.086,FCC+Laves,WROUGHT,other,20.0,,8.6,476.0,C,25.0,1703.0,1004.0,18.3,,,,,,
109,Co0.067 Cu0.067 Fe0.067 Nb1 Ni0.067,FCC+Laves,WROUGHT,other,20.0,,8.6,476.0,C,25.0,1415.0,1004.0,12.6,,,,,,
110,Co0.2 Cr0.2 Fe1 Mn0.6,FCC+Sec.,CAST,other,20.0,,7.8,296.0,,,822.0,1004.0,,,,,,,
110,B0.006 Co0.201 Cr0.201 Fe1 Mn0.604,FCC+Sec.,CAST,other,20.0,,7.8,282.0,,,822.0,1004.0,,,,,,,
110,B0.012 Co0.202 Cr0.202 Fe1 Mn0.607,FCC+Sec.,CAST,other,20.0,,7.8,306.0,,,822.0,1004.0,,,,,,,
110,B0.035 Co0.207 Cr0.207 Fe1 Mn0.621,FCC+Sec.,CAST,other,20.0,,7.7,452.0,,,822.0,1004.0,,,,,,,
111,Al0.186 Cr0.149 Fe1 Mn0.861 Ni0.28,,CAST,other,20.0,,7.3,476.0,T,25.0,159.0,535.0,,40.8,,,,,
111,Al0.186 Cr0.149 Fe1 Mn0.861 Ni0.28,,ANNEAL,other,20.0,,7.3,476.0,T,25.0,409.0,584.0,,10.5,,,,,
111,Al0.186 Cr0.149 Fe1 Mn0.861 Ni0.28,,CAST,other,20.0,,7.3,476.0,T,25.0,355.0,1174.0,,49.5,,,,,
111,Al0.186 Cr0.149 Fe1 Mn0.861 Ni0.28,,ANNEAL,other,20.0,,7.3,476.0,T,25.0,954.0,978.0,,2.0,,,,,
112,Hf1 Ti1 Zr1,Other,CAST,other,20.0,,8.3,211.0,C,25.0,773.0,1004.0,17.0,,,,,,
112,Hf1 Sc1 Ti1 Zr1,Other,CAST,other,20.0,,6.8,233.0,C,25.0,1001.0,1004.0,21.9,,,,,,
112,Hf1 Ti1 Y1 Zr1,Other,CAST,other,20.0,,7.0,241.0,C,25.0,554.0,1004.0,17.7,,,,,,
112,Hf1 Sc1 Ti1 Y1 Zr1,Other,CAST,other,20.0,,6.2,256.0,C,25.0,793.0,1004.0,15.7,,,,,,
113,Co1 Cr1 Fe1 Ga1 Ni1,FCC+BCC,CAST,other,20.0,,7.5,476.0,,,822.0,1004.0,,,,,,,
114,Al0.562 Co0.938 Cr0.312 Fe0.312 Ni1,FCC+BCC,CAST,other,20.0,,7.1,305.4,C,25.0,1129.4,1004.0,16.7,,,,,,
114,Al0.581 Co0.968 Cr0.323 Fe0.323 Mo0.032 Ni1,FCC+BCC,CAST,other,20.0,,7.1,357.3,C,25.0,1159.7,1004.0,18.2,,,,,,
114,Al0.6 Co1 Cr0.333 Fe0.333 Mo0.067 Ni1,FCC+BCC,CAST,other,20.0,,7.1,362.6,C,25.0,1250.8,1004.0,14.7,,,,,,
114,Al0.6 Co1 Cr0.333 Fe0.333 Mo0.1 Ni0.967,FCC+BCC,CAST,other,20.0,,7.2,359.7,C,25.0,1198.3,1004.0,14.5,,,,,,
116,Co1 Cr1 Fe1 Mo0.149 Ni1,FCC+Sec.,POWDER,other,20.0,,8.3,210.0,,,822.0,1004.0,,,,,,,
117,Co1 Cr1 Cu1 Fe1 Ni1,FCC,CAST,FCC,20.0,,8.3,476.0,C,25.0,300.0,1004.0,50.2,,,206.0,,,
117,Co1 Cr1 Cu1 Fe1 Ni1 V0.042,FCC+Sec.,CAST,other,20.0,,8.3,476.0,C,25.0,303.0,1004.0,50.2,,,,,,
117,Co1 Cr1 Cu1 Fe1 Ni1 V0.087,FCC+Sec.,CAST,other,20.0,,8.3,476.0,C,25.0,307.0,1004.0,50.2,,,,,,
117,Co1 Cr1 Cu1 Fe1 Ni1 V0.136,FCC+Sec.,CAST,other,20.0,,8.3,476.0,C,25.0,330.0,1004.0,50.2,,,,,,
117,Co1 Cr1 Cu1 Fe1 Ni1 V0.19,FCC+Sec.,CAST,other,20.0,,8.2,476.0,C,25.0,616.0,1004.0,28.0,,,,,,
118,Co1 Cr1 Cu1 Ni1 Zn1,BCC+FCC,POWDER,other,500.0,5.26,8.1,476.0,C,25.0,822.0,1004.0,,,,,,,
118,Co1 Cr1 Cu1 Ni1 Zn1,BCC+FCC,POWDER,other,500.0,6.26,8.1,476.0,C,25.0,822.0,1004.0,,,,,,,
118,Co1 Cr1 Cu1 Ni1 Zn1,BCC+FCC,POWDER,other,500.0,7.84,8.1,476.0,C,25.0,822.0,1004.0,,,,,,,
118,Co1 Cr1 Cu1 Ni1 Zn1,FCC+FCC,POWDER,other,500.0,7.89,8.1,615.0,C,25.0,2121.0,1004.0,,,,,,,
119,Hf1 Nb1 Ta1 Ti1 Zr1,BCC,CAST,BCC,500.0,,9.9,359.0,T,25.0,1155.0,1212.0,12.3,,59.0,107.0,,,
119,Nb1 Ta1 Ti1 Zr1,BCC,CAST,BCC,500.0,,8.9,358.0,T,25.0,1144.0,1205.0,6.4,,98.0,115.0,,,
119,Nb1 Ta1 Ti1,BCC,CAST,BCC,500.0,,10.0,246.0,T,25.0,620.0,683.0,18.5,,143.0,136.0,,,
119,Ta1 Ti1 Zr1,BCC+Sec.,CAST,other,500.0,,9.0,485.0,T,25.0,822.0,284.0,0.0,,157.0,,,,
119,Nb1 Ti1 Zr1,BCC,CAST,BCC,500.0,,6.5,295.0,T,25.0,956.0,991.0,14.2,,88.0,94.0,,,
119,Nb1 Ta0.667 Ti0.667 Zr0.333,BCC+Sec.,CAST,other,500.0,,9.2,294.0,T,25.0,822.0,852.0,0.33,,127.0,,,,
119,Nb0.333 Ta0.667 Ti0.667 Zr1,BCC+Sec.,CAST,other,500.0,,8.6,489.0,T,25.0,822.0,843.0,0.0,,93.0,,,,
120,Ag1 Al1 Nb1 Ti1 Zn1,,ANNEAL,other,20.0,4.75,6.7,476.0,,,822.0,1004.0,,,,,,,
120,Ag1 Al1 Nb1 Ti1 Zn1,,ANNEAL,other,20.0,5.78,6.7,476.0,,,822.0,1004.0,,,,,,,
120,Ag1 Al1 Nb1 Ti1 Zn1,,ANNEAL,other,20.0,5.79,6.7,476.0,,,822.0,1004.0,,,,,,,
120,Ag1 Al1 Nb1 Ti1 Zn1,,ANNEAL,other,20.0,5.51,6.7,476.0,,,822.0,1004.0,,,,,,,
120,Ag1 Al1 Nb1 Ti1 Zn1,,ANNEAL,other,20.0,,6.7,476.0,,,822.0,1004.0,,,,,,,
121,Al0.774 Fe1 Mn0.903 Ni0.484,,CAST,other,20.0,,6.3,310.0,,,822.0,1004.0,,,,,,,
121,Al0.774 Fe1 Mn0.903 Ni0.484 Ti0.026,,CAST,other,20.0,,6.3,330.0,,,822.0,1004.0,,,,,,,
121,Al0.774 Fe1 Mn0.903 Ni0.484 Ti0.097,,CAST,other,20.0,,6.2,500.0,,,822.0,1004.0,,,,,,,
121,Al0.774 Fe1 Mn0.903 Ni0.484,,ANNEAL,other,20.0,,6.3,340.0,,,822.0,1004.0,,,,,,,
121,Al0.774 Fe1 Mn0.903 Ni0.484 Ti0.026,,ANNEAL,other,20.0,,6.3,410.0,,,822.0,1004.0,,,,,,,
121,Al0.774 Fe1 Mn0.903 Ni0.484 Ti0.097,,ANNEAL,other,20.0,,6.2,495.0,,,822.0,1004.0,,,,,,,
121,Al0.774 Fe1 Mn0.903 Ni0.484,,ANNEAL,other,20.0,,6.3,330.0,,,822.0,1004.0,,,,,,,
121,Al0.774 Fe1 Mn0.903 Ni0.484 Ti0.026,,ANNEAL,other,20.0,,6.3,330.0,,,822.0,1004.0,,,,,,,
121,Al0.774 Fe1 Mn0.903 Ni0.484 Ti0.097,,ANNEAL,other,20.0,,6.2,490.0,,,822.0,1004.0,,,,,,,
122,Al1 C1 Co1 Cr1 Fe1 Ni1,FCC+BCC,POWDER,other,20.0,,6.2,476.0,,,822.0,1004.0,,,,,,,
123,Cr1 Cu1 Fe1 Ni1 Ti1,FCC+BCC,CAST,other,20.0,,7.2,476.0,,,822.0,1004.0,,,,,,,
123,Cr1 Cu1 Fe1 Ni1 Ti1,FCC+BCC,WROUGHT,other,20.0,,7.2,476.0,,,822.0,1004.0,,,,,,,
124,Co1 Cr1 Fe1 Mn1 Ni1,FCC,POWDER,other,0.03,7.753,8.0,435.0,C,25.0,1100.0,1004.0,47.0,,,,,,
126,Al0.5 Cr1 Cu1 Fe1 Ni1,FCC,CAST,FCC,20.0,,7.4,226.0,,,822.0,1004.0,,,,185.0,,,
126,Al0.5 Cr1 Cu1 Fe1 Ni1,FCC,WROUGHT,FCC,20.0,,7.4,287.0,,,822.0,1004.0,,,,185.0,,,
127,Hf1 Mo1 Nb1 Ta1 Ti1 Zr1,BCC,CAST,BCC,20.0,,9.9,476.0,C,25.0,1512.0,1004.0,12.0,,,137.0,,,
127,Hf1 Mo1 Ta1 Ti1 Zr1,BCC,CAST,BCC,20.0,,10.2,476.0,C,25.0,1600.0,1004.0,4.0,,,143.0,,,
127,Hf1 Mo1 Nb1 Ti1 Zr1,BCC,CAST,BCC,20.0,,8.7,476.0,C,25.0,1351.0,1004.0,20.0,,,128.0,,,
127,Hf1 Mo1 Nb1 Ta1 Zr1,BCC,CAST,BCC,20.0,,10.9,476.0,C,25.0,1524.0,1004.0,16.0,,,141.0,,,
127,Hf1 Mo1 Nb1 Ta1 Ti1,BCC,CAST,BCC,20.0,,10.8,476.0,C,25.0,1369.0,1004.0,27.0,,,155.0,,,
127,Hf1 Mo1 Nb1 Ta1 Ti1 Zr1,BCC,CAST,BCC,20.0,,9.9,476.0,C,800.0,1007.0,1004.0,,,,137.0,,,
127,Hf1 Mo1 Ta1 Ti1 Zr1,BCC,CAST,BCC,20.0,,10.2,476.0,C,800.0,1045.0,1004.0,,,,143.0,,,
127,Hf1 Mo1 Nb1 Ti1 Zr1,BCC,CAST,BCC,20.0,,8.7,476.0,C,800.0,829.0,1004.0,,,,128.0,,,
127,Hf1 Mo1 Nb1 Ta1 Zr1,BCC,CAST,BCC,20.0,,10.9,476.0,C,800.0,1005.0,1004.0,,,,141.0,,,
127,Hf1 Mo1 Nb1 Ta1 Ti1,BCC,CAST,BCC,20.0,,10.8,476.0,C,800.0,822.0,1004.0,,,,155.0,,,
127,Hf1 Mo1 Nb1 Ta1 Ti1 Zr1,BCC,CAST,BCC,20.0,,9.9,476.0,C,1000.0,814.0,1004.0,,,,137.0,,,
127,Hf1 Mo1 Ta1 Ti1 Zr1,BCC,CAST,BCC,20.0,,10.2,476.0,C,1000.0,855.0,1004.0,,,,143.0,,,
127,Hf1 Mo1 Nb1 Ti1 Zr1,BCC,CAST,BCC,20.0,,8.7,476.0,C,1000.0,721.0,1004.0,,,,128.0,,,
127,Hf1 Mo1 Nb1 Ta1 Zr1,BCC,CAST,BCC,20.0,,10.9,476.0,C,1000.0,927.0,1004.0,,,,141.0,,,
127,Hf1 Mo1 Nb1 Ta1 Ti1,BCC,CAST,BCC,20.0,,10.8,476.0,C,1000.0,778.0,1004.0,,,,155.0,,,
127,Hf1 Mo1 Nb1 Ta1 Ti1 Zr1,BCC,CAST,BCC,20.0,,9.9,476.0,C,1200.0,556.0,1004.0,,,,137.0,,,
127,Hf1 Mo1 Ta1 Ti1 Zr1,BCC,CAST,BCC,20.0,,10.2,476.0,C,1200.0,404.0,1004.0,,,,143.0,,,
127,Hf1 Mo1 Nb1 Ti1 Zr1,BCC,CAST,BCC,20.0,,8.7,476.0,C,1200.0,301.0,1004.0,,,,128.0,,,
127,Hf1 Mo1 Nb1 Ta1 Zr1,BCC,CAST,BCC,20.0,,10.9,476.0,C,1200.0,694.0,1004.0,,,,141.0,,,
127,Hf1 Mo1 Nb1 Ta1 Ti1,BCC,CAST,BCC,20.0,,10.8,476.0,C,1200.0,699.0,1004.0,,,,155.0,,,
127,Hf1 Mo1 Nb1 Ta1 Zr1,BCC,CAST,BCC,20.0,,10.9,476.0,C,1400.0,278.0,1004.0,,,,141.0,,,
127,Hf1 Mo1 Nb1 Ta1 Ti1,BCC,CAST,BCC,20.0,,10.8,476.0,C,1400.0,367.0,1004.0,,,,155.0,,,
128,Co1 Cr1 Fe1 Ni1,FCC,POWDER,FCC,0.0276,,8.2,476.0,,,822.0,1004.0,,,,226.0,,,
128,C0.111 Co1 Cr1 Fe1 Ni1 W0.111,FCC,POWDER,FCC,0.0189,7.24,8.5,475.0,,,822.0,1004.0,,,,,,,
128,C0.429 Co1 Cr1 Fe1 Ni1 W0.429,FCC,POWDER,FCC,0.0182,8.39,9.1,531.0,,,822.0,1004.0,,,,,,,
129,Al0.267 Co1 Cr0.667 Fe0.667 Ni0.667 Ti0.2,FCC+BCC,POWDER,other,20.0,,7.3,515.0,C,25.0,2012.0,1004.0,,17.52,,,,,
130,Hf1 Nb1 Ta1 Ti1 Zr1,BCC,OTHER,BCC,20.0,,9.9,476.0,T,25.0,1438.0,1004.0,,,91.5,107.0,,,
130,Hf1 Nb1 Ta1 Ti1 Zr1,BCC,OTHER,BCC,20.0,,9.9,476.0,T,25.0,1159.0,1004.0,,,99.2,107.0,,,
130,Hf1 Nb1 Ta1 Ti1 Zr1,BCC,OTHER,BCC,20.0,,9.9,476.0,T,25.0,1134.0,1004.0,,,109.1,107.0,,,
130,Hf1 Nb1 Ta1 Ti1 Zr1,BCC,OTHER,BCC,20.0,,9.9,476.0,T,25.0,1094.0,1004.0,,,105.3,107.0,,,
130,Hf1 Nb1 Ta1 Ti1 Zr1,BCC,OTHER,BCC,20.0,,9.9,476.0,T,25.0,1071.0,1004.0,,,91.6,107.0,,,
130,Hf1 Nb1 Ta1 Ti1 Zr1,BCC,OTHER,BCC,24.4,,9.9,476.0,T,25.0,1107.0,1004.0,,,92.6,107.0,,,
130,Hf1 Nb1 Ta1 Ti1 Zr1,BCC,OTHER,BCC,31.3,,9.9,476.0,T,25.0,1115.0,1004.0,,,92.6,107.0,,,
130,Hf1 Nb1 Ta1 Ti1 Zr1,BCC,OTHER,BCC,38.4,,9.9,476.0,T,25.0,1114.0,1004.0,,,101.3,107.0,,,
130,Hf1 Nb1 Ta1 Ti1 Zr1,BCC,OTHER,BCC,50.1,,9.9,476.0,,,822.0,1004.0,,,,107.0,,,
130,Hf1 Nb1 Ta1 Ti1 Zr1,BCC,OTHER,BCC,21.9,,9.9,476.0,,,822.0,1004.0,,,,107.0,,,
130,Hf1 Nb1 Ta1 Ti1 Zr1,BCC,OTHER,BCC,75.5,,9.9,476.0,,,822.0,1004.0,,,,107.0,,,
131,Al1 Nb1 Ti1 Zr1,B2,CAST,other,250.0,5.85,5.7,422.0,C,25.0,1509.0,1004.0,8.6,,,,,,
131,Al1 Nb1 Ti1 Zr1,B2+Sec.,ANNEAL,other,20.0,,5.7,418.0,C,25.0,1579.0,1004.0,17.8,,,,,,
132,Al1 Nb1 Ti1 V1 Zr0.5,,,other,20.0,5.64,5.6,476.0,C,25.0,1480.0,1004.0,50.0,,,,,,
133,Al1 Nb1 Ti1 Zr1,,,other,20.0,5.79,5.7,539.6,C,25.0,1080.0,1004.0,5.9,,,,,,
134,Nb1 Ti1 V1 Zr1,,,other,20.0,6.52,6.5,335.0,C,25.0,1105.0,1004.0,50.0,,,,,,
134,Cr1 Nb1 Ti1 Zr1,,,other,20.0,6.67,6.6,418.0,C,25.0,1260.0,1004.0,6.0,,,,,,
264,Al1 Cr1 Fe1 Mo0.5 Ni1,BCC+B2,CAST,other,20.0,,6.8,623.7,C,25.0,1914.1,4023.6,,27.9,,,,,
264,Al1 Cr1 Fe1 Mo0.5 Ni1 Ti0.25,BCC+B2,CAST,other,20.0,,6.6,712.0,C,25.0,2161.7,3641.5,,14.3,,,,,
264,Al1 Cr1 Fe1 Mo0.5 Ni1 Ti0.4,BCC+B2,CAST,other,20.0,,6.5,731.9,C,25.0,2185.1,3673.4,,14.8,,,,,
264,Al1 Cr1 Fe1 Mo0.5 Ni1 Ti0.5,BCC+B2,CAST,other,20.0,,6.5,751.7,C,25.0,2228.7,3166.2,,10.4,,,,,
264,Al1 Cr1 Fe1 Mo0.5 Ni1 Ti0.6,BCC+B2,CAST,other,20.0,,6.4,756.1,C,25.0,1314.5,1314.5,,,,,,,
264,Al1 Cr1 Fe1 Mo0.5 Ni1 Ti0.75,BCC+B2,CAST,other,20.0,,6.4,766.2,C,25.0,618.8,618.8,,,,,,,
265,Al1 Cr1 Mo1 Nb1,Other,ANNEAL,other,20.0,,7.2,476.0,,,822.0,1004.0,,,,,,,
265,Al1 Cr1 Mo1 Nb1,Other,CAST,other,20.0,,7.2,476.0,,,822.0,1004.0,,,,,,,
265,Al1 Hf1 Nb1 Ti1,B2,ANNEAL,other,20.0,,7.7,476.0,,,822.0,1004.0,,,,,,,
265,Al1 Hf1 Nb1 Ti1,B2,CAST,other,20.0,,7.7,476.0,,,822.0,1004.0,,,,,,,
265,Al1 Hf1 Ta1 Ti1,B2,ANNEAL,other,20.0,,9.7,476.0,,,822.0,1004.0,,,,,,,
265,Al1 Hf1 Ta1 Ti1,B2,CAST,other,20.0,,9.7,476.0,,,822.0,1004.0,,,,,,,
265,Al1 Mo1 Nb1 Ti1,BCC+Sec.,ANNEAL,other,20.0,,6.5,476.0,,,822.0,1004.0,,,,,,,
265,Al1 Mo1 Nb1 Ti1,BCC,CAST,BCC,20.0,,6.5,509.0,,,822.0,1004.0,,,,151.0,,,
265,Al1 Nb1 Ta1 Ti1,BCC+Sec.,ANNEAL,other,20.0,,8.2,476.0,,,822.0,1004.0,,,,,,,
265,Al1 Nb1 Ta1 Ti1,BCC,CAST,BCC,20.0,,8.2,458.0,,,822.0,1004.0,,,,120.0,,,
265,Cr1 Mo1 Ta1 Ti1,BCC,ANNEAL,BCC,20.0,,9.9,555.0,,,822.0,1004.0,,,,219.0,,,
265,Cr1 Mo1 Ta1 Ti1,BCC,CAST,BCC,20.0,,9.9,539.0,,,822.0,1004.0,,,,219.0,,,
265,Cr1 Nb1 Ta1 Ti1,BCC+Sec.,ANNEAL,other,20.0,,9.4,476.0,,,822.0,1004.0,,,,,,,
265,Cr1 Nb1 Ta1 Ti1,BCC,CAST,BCC,20.0,,9.4,495.0,,,822.0,1004.0,,,,162.0,,,
265,Cr1 Nb1 Ti1 W1,BCC+Sec.,ANNEAL,other,20.0,,9.9,630.0,,,822.0,1004.0,,,,,,,
265,Cr1 Nb1 Ti1 W1,BCC,CAST,BCC,20.0,,9.9,630.0,,,822.0,1004.0,,,,217.0,,,
265,Hf1 Nb1 Ta1 Ti1,BCC,ANNEAL,BCC,20.0,,10.9,280.0,,,822.0,1004.0,,,,119.0,,,
265,Hf1 Nb1 Ta1 Ti1,BCC,CAST,BCC,20.0,,10.9,270.0,,,822.0,1004.0,,,,119.0,,,
265,Mo1 Nb1 Ta1 Ti1 W1,BCC,ANNEAL,BCC,20.0,,11.8,482.0,,,822.0,1004.0,,,,222.0,,,
265,Mo1 Nb1 Ta1 Ti1 W1,BCC,CAST,BCC,20.0,,11.8,446.0,,,822.0,1004.0,,,,222.0,,,
265,Mo1 Nb1 Ta1 Ti1,BCC,ANNEAL,BCC,20.0,,10.0,407.0,,,822.0,1004.0,,,,179.0,,,
265,Mo1 Nb1 Ta1 Ti1,BCC,CAST,BCC,20.0,,10.0,431.0,,,822.0,1004.0,,,,179.0,,,
